center_id,district,crop,farmers_arrived,farmers_processed,queue_length,number_of_counters,average_processing_time,arrival_rate,hour,day_of_week,is_weekend,is_holiday,waiting_time
C001,Karnal,Wheat,28,13,15,4,5.0,7.89,18,5,0,0,18.9
C004,Sehore,Wheat,33,19,14,2,4.0,6.04,8,4,0,0,30.3
C005,Nashik,Soybean,60,22,38,3,7.0,8.48,8,6,1,0,107.3
C003,Indore,Mustard,33,11,22,3,5.0,2.74,9,2,0,0,39.7
C001,Karnal,Maize,37,29,8,5,8.0,2.63,12,6,1,0,20.9
C003,Indore,Gram,50,47,3,3,4.0,3.82,12,0,1,0,7.6
C004,Sehore,Mustard,39,28,11,5,6.0,4.84,18,2,0,0,15.3
C001,Karnal,Gram,31,15,16,3,8.0,5.7,12,5,0,0,54.1
C003,Indore,Wheat,51,30,21,3,4.0,4.14,11,4,0,0,36.8
C004,Sehore,Soybean,30,13,17,5,5.0,3.97,16,4,0,0,19.4
C005,Nashik,Soybean,46,37,9,4,5.0,5.95,8,6,1,0,14.5
C004,Sehore,Gram,68,43,25,2,7.0,9.97,16,2,0,0,91.9
C001,Karnal,Maize,64,46,18,2,8.0,4.72,12,3,0,0,90.2
C003,Indore,Gram,52,45,7,3,8.0,4.39,18,4,0,0,18.1
C002,Ludhiana,Gram,64,25,39,6,4.0,5.91,9,2,0,0,32.0
C003,Indore,Paddy,47,10,37,2,5.0,2.69,15,6,1,0,111.9
C002,Ludhiana,Paddy,32,21,11,5,8.0,6.22,17,3,0,0,20.6
C002,Ludhiana,Maize,89,46,43,4,7.0,4.99,16,3,0,0,79.3
C003,Indore,Wheat,57,42,15,6,8.0,3.76,9,5,0,0,20.7
C001,Karnal,Mustard,38,22,16,2,8.0,7.35,11,4,0,0,83.7
C005,Nashik,Gram,62,31,31,5,5.0,3.52,9,5,0,0,34.4
C004,Sehore,Maize,34,30,4,2,4.0,7.83,9,1,0,0,8.6
C002,Ludhiana,Soybean,50,20,30,3,6.0,9.0,9,3,0,0,65.0
C001,Karnal,Wheat,26,20,6,6,4.0,3.33,15,3,0,0,4.3
C001,Karnal,Paddy,46,21,25,5,4.0,9.41,15,2,0,0,24.8
C005,Nashik,Maize,36,23,13,5,5.0,3.74,8,4,0,0,12.8
C003,Indore,Wheat,68,37,31,2,8.0,9.36,16,1,0,0,127.8
C002,Ludhiana,Wheat,64,20,44,6,4.0,5.23,17,1,0,0,32.8
C001,Karnal,Soybean,59,25,34,6,8.0,9.48,11,5,0,0,59.7
C004,Sehore,Paddy,30,9,21,4,7.0,2.07,17,4,0,0,37.6
C002,Ludhiana,Gram,32,9,23,4,5.0,9.03,13,2,0,0,40.0
C003,Indore,Gram,83,40,43,6,4.0,4.4,18,0,1,0,36.7
C001,Karnal,Wheat,41,23,18,6,5.0,6.84,13,1,0,0,22.3
C005,Nashik,Soybean,51,45,6,4,4.0,5.39,12,0,1,0,10.4
C003,Indore,Paddy,68,40,28,5,8.0,2.08,9,5,0,0,48.3
C003,Indore,Gram,41,13,28,6,5.0,2.33,13,6,1,0,35.1
C003,Indore,Paddy,63,40,23,3,4.0,9.07,14,4,0,0,42.8
C002,Ludhiana,Paddy,18,16,2,3,7.0,7.89,13,6,1,0,8.2
C002,Ludhiana,Mustard,32,7,25,3,4.0,8.87,11,1,0,0,44.5
C003,Indore,Paddy,60,17,43,3,4.0,5.19,12,6,1,0,88.7
C003,Indore,Maize,83,39,44,6,7.0,4.65,8,0,1,0,63.4
C005,Nashik,Mustard,71,32,39,2,4.0,4.77,13,3,0,0,102.2
C004,Sehore,Gram,53,50,3,3,6.0,5.49,16,6,1,0,8.1
C002,Ludhiana,Mustard,69,26,43,5,4.0,6.99,18,6,1,0,46.3
C005,Nashik,Mustard,75,49,26,5,6.0,4.37,10,1,0,0,36.1
C002,Ludhiana,Gram,66,40,26,6,6.0,8.67,12,2,0,0,36.8
C005,Nashik,Maize,62,33,29,4,7.0,7.41,16,3,0,0,56.1
C002,Ludhiana,Maize,80,47,33,2,6.0,7.06,13,0,1,0,147.3
C003,Indore,Paddy,9,7,2,3,5.0,3.96,15,4,0,0,1.9
C004,Sehore,Maize,74,29,45,6,5.0,5.96,11,1,0,0,50.3
C001,Karnal,Soybean,83,38,45,3,5.0,5.72,16,1,0,0,78.9
C002,Ludhiana,Soybean,64,25,39,6,8.0,9.6,15,4,0,0,58.2
C004,Sehore,Gram,64,33,31,5,5.0,4.07,11,6,1,0,49.3
C005,Nashik,Soybean,38,9,29,3,6.0,7.71,11,2,0,0,77.6
C001,Karnal,Paddy,74,49,25,3,5.0,3.22,11,0,1,0,62.2
C004,Sehore,Soybean,56,29,27,2,5.0,9.24,17,5,0,1,58.8
C005,Nashik,Soybean,47,24,23,5,4.0,8.03,14,4,0,0,25.9
C005,Nashik,Paddy,50,32,18,5,5.0,5.89,14,2,0,0,25.9
C002,Ludhiana,Soybean,41,6,35,3,8.0,9.26,17,4,0,0,95.9
C004,Sehore,Paddy,25,21,4,5,5.0,5.03,11,3,0,0,6.5
C004,Sehore,Mustard,41,35,6,5,6.0,2.16,16,0,1,0,8.4
C001,Karnal,Maize,33,17,16,2,4.0,8.71,17,1,0,0,33.8
C001,Karnal,Gram,66,21,45,3,7.0,8.14,10,4,0,0,111.4
C001,Karnal,Paddy,44,6,38,4,4.0,9.43,17,5,0,0,42.1
C002,Ludhiana,Wheat,56,49,7,6,5.0,8.18,18,4,0,0,7.9
C005,Nashik,Wheat,75,47,28,4,8.0,4.96,16,5,0,0,60.8
C004,Sehore,Wheat,75,34,41,5,6.0,7.66,14,1,0,0,68.3
C003,Indore,Gram,62,32,30,6,7.0,8.61,17,2,0,0,37.6
C001,Karnal,Mustard,71,41,30,5,5.0,6.88,14,2,0,1,35.0
C002,Ludhiana,Soybean,43,26,17,3,6.0,4.24,17,5,0,0,36.3
C005,Nashik,Paddy,63,36,27,2,5.0,6.44,11,5,0,0,88.5
C004,Sehore,Wheat,45,30,15,2,6.0,7.53,12,5,0,0,57.9
C005,Nashik,Mustard,49,27,22,5,8.0,7.62,12,2,0,0,45.1
C002,Ludhiana,Mustard,61,16,45,2,8.0,3.53,15,2,0,0,187.3
C005,Nashik,Gram,36,23,13,4,4.0,3.82,10,2,0,1,12.1
C003,Indore,Wheat,68,49,19,2,8.0,9.55,18,6,1,0,88.1
C001,Karnal,Gram,64,33,31,4,7.0,4.73,8,2,0,0,57.9
C001,Karnal,Soybean,82,45,37,5,4.0,7.49,10,1,0,0,35.8
C001,Karnal,Paddy,70,43,27,2,8.0,6.77,17,1,0,0,110.8
C004,Sehore,Mustard,61,41,20,6,7.0,6.97,17,5,0,0,26.8
C002,Ludhiana,Mustard,32,16,16,2,5.0,6.42,10,0,1,0,48.7
C004,Sehore,Mustard,69,50,19,2,5.0,4.26,15,0,1,0,58.6
C005,Nashik,Maize,47,39,8,3,7.0,3.8,10,2,0,0,17.9
C002,Ludhiana,Mustard,52,33,19,6,8.0,2.99,12,5,0,0,33.0
C005,Nashik,Soybean,46,7,39,5,4.0,9.12,13,4,0,0,42.0
C005,Nashik,Gram,44,7,37,2,6.0,8.1,10,3,0,0,115.2
C003,Indore,Paddy,77,36,41,6,7.0,9.75,15,2,0,0,52.0
C001,Karnal,Paddy,81,36,45,4,7.0,4.31,14,6,1,0,116.7
C001,Karnal,Mustard,38,30,8,4,6.0,8.92,8,5,0,0,12.8
C001,Karnal,Paddy,76,36,40,6,6.0,7.0,8,1,0,0,43.3
C003,Indore,Soybean,47,45,2,5,4.0,6.87,11,5,0,0,2.4
C005,Nashik,Soybean,42,34,8,2,5.0,9.58,18,6,1,0,25.7
C003,Indore,Gram,66,35,31,4,7.0,3.95,16,1,0,0,59.7
C005,Nashik,Maize,49,31,18,3,4.0,4.72,16,2,0,0,25.3
C003,Indore,Gram,43,33,10,6,7.0,6.31,13,2,0,0,16.0
C004,Sehore,Mustard,66,29,37,3,5.0,3.87,14,0,1,0,93.0
C004,Sehore,Soybean,16,13,3,3,7.0,6.02,17,2,0,0,8.9
C004,Sehore,Wheat,15,14,1,6,7.0,5.28,18,1,0,0,2.4
C003,Indore,Mustard,52,10,42,6,7.0,8.81,18,6,1,0,63.2
C004,Sehore,Gram,25,20,5,2,8.0,7.05,12,1,0,0,25.3
C001,Karnal,Maize,60,49,11,2,7.0,4.4,8,0,1,0,43.8
C003,Indore,Mustard,54,38,16,5,5.0,5.3,18,6,1,0,19.0
C005,Nashik,Soybean,74,42,32,6,5.0,3.14,15,5,0,0,29.5
C001,Karnal,Soybean,20,9,11,4,8.0,5.53,13,4,0,0,30.7
C003,Indore,Soybean,60,35,25,4,5.0,2.85,14,4,0,0,41.2
C003,Indore,Wheat,42,41,1,5,6.0,8.92,8,4,0,0,2.7
C003,Indore,Paddy,60,45,15,6,6.0,3.52,12,5,0,0,21.6
C002,Ludhiana,Maize,53,33,20,2,4.0,2.27,13,5,0,0,54.0
C003,Indore,Maize,26,13,13,5,5.0,8.29,13,4,0,0,16.9
C002,Ludhiana,Mustard,34,12,22,5,6.0,5.75,9,1,0,0,27.9
C004,Sehore,Gram,31,5,26,4,4.0,4.12,9,3,0,0,30.1
C003,Indore,Gram,55,48,7,5,6.0,3.87,8,4,0,0,9.5
C005,Nashik,Paddy,69,24,45,2,7.0,7.19,9,1,0,1,129.5
C004,Sehore,Wheat,48,13,35,2,5.0,5.11,13,5,0,0,114.4
C005,Nashik,Soybean,73,46,27,6,5.0,2.79,15,4,0,0,27.5
C001,Karnal,Maize,62,33,29,4,5.0,9.6,13,0,1,0,55.1
C003,Indore,Wheat,25,12,13,5,6.0,9.59,15,0,1,0,20.1
C005,Nashik,Wheat,29,13,16,2,6.0,8.3,11,0,1,0,71.1
C005,Nashik,Paddy,53,43,10,3,6.0,2.02,10,1,0,0,22.4
C001,Karnal,Maize,28,27,1,2,5.0,8.32,11,4,0,0,1.9
C001,Karnal,Paddy,17,9,8,5,8.0,5.81,13,4,0,0,16.8
C002,Ludhiana,Gram,54,34,20,2,8.0,7.15,8,0,1,0,95.8
C004,Sehore,Maize,38,9,29,2,7.0,9.19,13,4,0,0,128.9
C005,Nashik,Maize,50,29,21,6,8.0,9.96,16,2,0,0,30.9
C001,Karnal,Maize,46,32,14,2,8.0,5.61,11,3,0,0,71.5
C004,Sehore,Maize,53,25,28,2,6.0,7.32,13,1,0,0,108.3
C001,Karnal,Wheat,35,28,7,2,7.0,8.49,16,0,1,0,29.3
C003,Indore,Maize,70,47,23,2,7.0,9.53,14,6,1,0,116.7
C003,Indore,Gram,48,41,7,4,6.0,6.06,10,5,0,0,12.7
C003,Indore,Gram,59,41,18,4,4.0,3.81,14,6,1,0,29.1
C005,Nashik,Gram,86,47,39,6,4.0,8.64,12,0,1,0,42.9
C003,Indore,Mustard,26,14,12,4,4.0,6.53,14,0,1,0,19.2
C001,Karnal,Wheat,56,31,25,6,5.0,5.63,10,2,0,0,23.1
C005,Nashik,Gram,25,15,10,2,4.0,8.04,8,5,0,0,21.0
C004,Sehore,Soybean,49,22,27,6,7.0,3.72,16,0,1,0,37.9
C005,Nashik,Soybean,22,19,3,6,6.0,5.16,17,0,1,0,3.0
C002,Ludhiana,Paddy,33,12,21,4,6.0,2.06,14,1,0,0,42.0
C002,Ludhiana,Gram,35,30,5,6,6.0,8.89,8,3,0,1,6.3
C003,Indore,Gram,76,50,26,5,8.0,7.12,12,0,1,0,64.8
C002,Ludhiana,Gram,38,32,6,5,6.0,8.76,11,3,0,0,9.8
C004,Sehore,Mustard,37,15,22,4,5.0,2.61,18,0,1,0,33.0
C003,Indore,Mustard,21,14,7,3,5.0,4.05,10,4,0,0,13.5
C001,Karnal,Paddy,79,42,37,5,7.0,5.59,17,5,0,0,56.7
C003,Indore,Paddy,64,33,31,5,4.0,7.05,12,4,0,0,34.7
C003,Indore,Soybean,32,28,4,5,4.0,8.65,9,5,0,0,5.1
C005,Nashik,Gram,72,42,30,6,7.0,6.43,8,3,0,0,38.9
C002,Ludhiana,Mustard,47,14,33,6,7.0,9.66,15,0,1,0,49.6
C001,Karnal,Gram,66,50,16,3,4.0,5.5,15,4,0,0,21.9
C003,Indore,Mustard,70,48,22,5,7.0,6.78,18,5,0,0,32.8
C005,Nashik,Maize,64,47,17,5,6.0,9.72,17,6,1,0,23.8
C002,Ludhiana,Mustard,52,43,9,4,7.0,7.67,9,2,0,0,17.4
C003,Indore,Paddy,89,47,42,6,4.0,5.39,13,0,1,0,44.0
C002,Ludhiana,Mustard,28,13,15,5,5.0,3.24,12,6,1,0,23.4
C005,Nashik,Maize,69,26,43,6,4.0,9.01,17,1,0,0,32.4
C002,Ludhiana,Maize,36,7,29,6,5.0,5.29,18,5,0,0,27.4
C003,Indore,Maize,55,20,35,5,5.0,4.48,15,6,1,0,45.2
C005,Nashik,Soybean,62,37,25,5,6.0,6.22,10,6,1,0,37.9
C003,Indore,Wheat,47,11,36,5,6.0,7.69,16,6,1,0,52.3
C002,Ludhiana,Mustard,42,32,10,5,8.0,2.73,11,6,1,0,23.6
C001,Karnal,Soybean,61,28,33,2,7.0,3.89,9,2,0,0,118.7
C001,Karnal,Maize,16,7,9,4,5.0,4.3,15,5,0,0,13.4
C004,Sehore,Soybean,12,6,6,6,4.0,4.05,10,4,0,0,5.2
C004,Sehore,Wheat,32,12,20,4,5.0,2.38,14,5,0,0,33.5
C001,Karnal,Soybean,47,45,2,6,8.0,6.12,11,5,0,0,3.3
C005,Nashik,Mustard,43,16,27,3,8.0,7.31,9,4,0,0,73.5
C005,Nashik,Gram,42,6,36,6,8.0,5.12,15,0,1,0,61.4
C003,Indore,Maize,32,27,5,2,6.0,3.93,18,5,0,0,15.9
C003,Indore,Paddy,61,26,35,2,6.0,8.51,10,6,1,0,124.8
C004,Sehore,Maize,55,50,5,3,5.0,8.21,15,0,1,0,8.4
C002,Ludhiana,Wheat,63,30,33,4,6.0,9.91,16,3,0,0,54.5
C002,Ludhiana,Mustard,68,26,42,4,4.0,4.19,13,3,0,0,58.5
C004,Sehore,Mustard,81,36,45,3,7.0,4.94,16,2,0,0,111.3
C001,Karnal,Soybean,58,23,35,6,5.0,4.57,9,2,0,0,32.6
C005,Nashik,Maize,78,33,45,5,5.0,4.81,8,5,0,0,49.8
C004,Sehore,Mustard,88,45,43,2,4.0,5.25,16,6,1,0,102.7
C001,Karnal,Paddy,16,13,3,6,7.0,2.54,18,2,0,0,5.7
C001,Karnal,Gram,52,28,24,3,7.0,5.55,9,4,0,0,58.3
C003,Indore,Maize,14,6,8,4,5.0,7.89,15,4,0,0,11.2
C003,Indore,Mustard,63,23,40,5,5.0,7.55,15,1,0,0,46.2
C004,Sehore,Paddy,69,25,44,5,4.0,7.34,9,4,0,0,42.0
C002,Ludhiana,Maize,52,19,33,3,6.0,2.97,11,6,1,0,100.0
C001,Karnal,Mustard,58,34,24,6,8.0,8.43,16,1,0,0,33.2
C003,Indore,Soybean,58,31,27,5,8.0,8.59,9,1,0,0,47.0
C004,Sehore,Soybean,49,40,9,6,6.0,7.12,10,6,1,0,11.2
C001,Karnal,Wheat,35,15,20,6,5.0,3.3,11,2,0,0,23.3
C003,Indore,Wheat,81,40,41,4,5.0,4.2,18,2,0,0,54.5
C002,Ludhiana,Gram,58,47,11,6,5.0,7.0,17,2,0,0,10.7
C001,Karnal,Wheat,63,46,17,2,8.0,3.69,17,3,0,0,68.2
C005,Nashik,Mustard,64,48,16,4,7.0,5.25,15,0,1,0,32.8
C004,Sehore,Soybean,65,43,22,5,5.0,3.15,13,5,0,0,29.5
C004,Sehore,Paddy,47,11,36,4,8.0,4.55,15,0,1,0,86.1
C001,Karnal,Wheat,71,31,40,4,7.0,3.99,10,6,1,0,85.6
C003,Indore,Paddy,67,34,33,3,7.0,5.99,12,3,0,1,82.7
C005,Nashik,Soybean,65,27,38,3,5.0,2.39,12,3,0,0,85.1
C004,Sehore,Mustard,39,32,7,6,4.0,3.07,12,5,0,0,6.3
C001,Karnal,Soybean,53,17,36,2,8.0,4.9,12,0,1,0,211.1
C005,Nashik,Mustard,21,13,8,6,8.0,9.8,14,2,0,0,13.6
C003,Indore,Paddy,63,30,33,3,8.0,6.0,8,0,1,0,104.5
C004,Sehore,Gram,76,37,39,5,5.0,3.12,17,2,0,0,45.6
C003,Indore,Gram,72,39,33,4,8.0,5.92,17,2,0,0,68.0
C003,Indore,Maize,62,24,38,2,7.0,8.37,18,0,1,0,156.6
C005,Nashik,Gram,73,35,38,3,4.0,3.36,18,5,0,0,56.6
C002,Ludhiana,Maize,86,49,37,3,4.0,2.88,8,3,0,0,52.4
C002,Ludhiana,Soybean,39,8,31,6,8.0,7.65,16,1,0,0,47.0
C004,Sehore,Gram,46,34,12,5,6.0,9.3,13,4,0,0,20.5
C003,Indore,Gram,38,22,16,5,5.0,6.46,11,2,0,0,22.7
C004,Sehore,Mustard,58,22,36,5,6.0,4.3,17,5,0,0,49.1
C004,Sehore,Mustard,26,23,3,3,6.0,9.64,9,2,0,0,7.0
C004,Sehore,Paddy,58,40,18,3,8.0,7.57,10,0,1,0,57.7
C002,Ludhiana,Wheat,60,19,41,6,5.0,2.42,14,2,0,0,46.0
C002,Ludhiana,Wheat,73,46,27,6,5.0,9.48,15,3,0,0,26.8
C003,Indore,Mustard,52,46,6,4,4.0,6.59,16,5,0,0,8.5
C002,Ludhiana,Soybean,62,36,26,3,4.0,3.49,12,0,1,0,53.2
C001,Karnal,Mustard,81,39,42,4,7.0,6.19,10,6,1,0,88.7
C001,Karnal,Mustard,63,21,42,3,7.0,7.75,8,5,0,0,102.2
C002,Ludhiana,Paddy,65,37,28,6,7.0,4.62,14,5,0,0,46.1
C004,Sehore,Mustard,46,29,17,3,4.0,3.88,12,2,0,0,31.3
C001,Karnal,Mustard,51,47,4,4,5.0,2.95,12,1,0,0,6.7
C003,Indore,Maize,68,44,24,2,6.0,3.77,10,3,0,0,75.9
C005,Nashik,Mustard,70,39,31,5,8.0,8.42,11,6,1,0,76.0
C001,Karnal,Gram,33,9,24,5,8.0,9.34,9,0,1,0,48.7
C002,Ludhiana,Gram,36,25,11,6,5.0,8.84,15,0,1,0,12.7
C004,Sehore,Wheat,38,34,4,6,7.0,3.06,14,3,0,0,6.5
C003,Indore,Maize,22,5,17,2,7.0,7.97,17,0,1,0,69.8
C001,Karnal,Gram,38,7,31,2,4.0,4.3,10,6,1,0,75.6
C004,Sehore,Mustard,54,29,25,5,7.0,2.64,18,6,1,0,43.9
C003,Indore,Wheat,64,38,26,3,8.0,3.02,11,6,1,0,100.9
C003,Indore,Soybean,64,29,35,6,7.0,8.59,11,3,0,0,54.3
C001,Karnal,Wheat,22,20,2,5,8.0,3.65,9,4,0,1,3.2
C001,Karnal,Paddy,48,19,29,2,7.0,6.32,8,1,0,0,104.1
C005,Nashik,Mustard,69,25,44,6,8.0,3.9,10,5,0,0,63.6
C003,Indore,Wheat,57,45,12,6,8.0,7.43,16,3,0,1,13.6
C004,Sehore,Gram,41,14,27,4,7.0,4.4,10,6,1,0,56.5
C002,Ludhiana,Mustard,44,40,4,3,7.0,5.3,14,4,0,0,11.7
C003,Indore,Paddy,57,28,29,4,4.0,2.74,11,0,1,0,45.9
C005,Nashik,Wheat,85,47,38,2,5.0,6.47,15,1,0,0,98.9
C001,Karnal,Paddy,51,20,31,3,4.0,7.57,11,3,0,0,55.6
C003,Indore,Soybean,69,27,42,5,8.0,4.47,13,4,0,0,88.9
C004,Sehore,Mustard,52,31,21,3,6.0,2.37,11,5,0,0,54.1
C005,Nashik,Gram,27,17,10,5,6.0,4.64,14,4,0,0,16.2
C003,Indore,Mustard,45,15,30,5,7.0,7.86,13,1,0,0,56.3
C002,Ludhiana,Gram,12,9,3,2,8.0,9.56,18,0,1,0,13.8
C002,Ludhiana,Wheat,51,37,14,3,4.0,5.65,8,4,0,0,22.1
C004,Sehore,Maize,40,39,1,5,4.0,6.41,8,0,1,0,1
C003,Indore,Wheat,23,11,12,6,7.0,9.34,16,1,0,0,15.9
C003,Indore,Mustard,34,28,6,4,7.0,9.67,15,4,0,0,12.0
C003,Indore,Maize,36,30,6,2,4.0,5.03,16,3,0,0,10.8
C002,Ludhiana,Wheat,68,26,42,5,7.0,6.53,9,4,0,0,62.8
C005,Nashik,Soybean,53,48,5,4,4.0,9.4,16,4,0,0,4.3
C003,Indore,Wheat,60,50,10,3,8.0,8.57,9,2,0,0,26.8
C004,Sehore,Maize,38,13,25,6,6.0,8.32,9,4,0,0,27.4
C001,Karnal,Soybean,65,43,22,3,4.0,8.15,17,3,0,0,31.3
C003,Indore,Soybean,63,40,23,5,5.0,9.53,14,1,0,0,32.2
C001,Karnal,Gram,15,10,5,4,5.0,4.14,14,5,0,0,7.0
C004,Sehore,Mustard,11,5,6,4,4.0,9.54,15,2,0,0,5.1
C001,Karnal,Paddy,76,40,36,5,7.0,6.1,9,0,1,0,62.5
C005,Nashik,Gram,24,23,1,4,7.0,5.31,9,5,0,0,3.5
C002,Ludhiana,Gram,73,29,44,6,5.0,3.36,12,2,0,0,49.7
C002,Ludhiana,Soybean,55,35,20,4,7.0,8.26,13,2,0,0,47.0
C004,Sehore,Gram,41,11,30,6,5.0,3.08,8,3,0,0,29.1
C003,Indore,Soybean,85,43,42,4,7.0,3.09,13,4,0,0,95.7
C003,Indore,Paddy,68,49,19,5,6.0,7.06,17,6,1,0,28.0
C004,Sehore,Mustard,55,42,13,2,8.0,9.98,10,5,0,0,51.7
C004,Sehore,Maize,68,49,19,3,7.0,2.55,14,5,0,0,58.2
C002,Ludhiana,Mustard,34,9,25,3,7.0,5.59,17,3,0,0,61.5
C004,Sehore,Gram,84,39,45,2,6.0,6.75,9,0,1,0,161.3
C003,Indore,Paddy,83,46,37,6,4.0,7.42,14,6,1,0,41.1
C001,Karnal,Wheat,52,37,15,2,6.0,7.97,16,4,0,0,45.7
C003,Indore,Soybean,82,37,45,5,8.0,3.21,8,3,0,0,77.1
C001,Karnal,Wheat,46,26,20,3,6.0,5.64,11,4,0,0,52.3
C004,Sehore,Maize,29,24,5,5,6.0,2.36,9,0,1,0,8.1
C002,Ludhiana,Maize,52,40,12,3,8.0,3.28,16,3,0,0,32.4
C004,Sehore,Maize,88,47,41,3,5.0,5.46,8,5,0,0,72.0
C005,Nashik,Soybean,32,18,14,5,4.0,4.23,9,4,0,0,14.4
C002,Ludhiana,Mustard,42,12,30,4,5.0,4.1,15,4,0,0,40.4
C004,Sehore,Gram,35,27,8,5,8.0,4.82,15,4,0,0,14.5
C003,Indore,Gram,57,13,44,6,4.0,4.51,11,2,0,0,41.4
C002,Ludhiana,Gram,52,13,39,5,7.0,6.6,14,1,0,0,73.1
C002,Ludhiana,Gram,32,13,19,3,7.0,3.5,15,4,0,0,46.0
C001,Karnal,Soybean,65,40,25,3,5.0,6.04,15,3,0,0,44.3
C004,Sehore,Soybean,43,6,37,3,4.0,8.37,11,2,0,1,52.7
C003,Indore,Paddy,72,40,32,5,8.0,6.09,17,0,1,0,62.9
C003,Indore,Gram,53,18,35,2,7.0,9.92,9,5,0,0,127.7
C003,Indore,Wheat,33,10,23,5,6.0,5.51,9,6,1,0,33.3
C005,Nashik,Maize,73,32,41,4,8.0,3.33,10,6,1,0,98.0
C001,Karnal,Gram,61,43,18,4,8.0,6.31,13,5,0,0,47.5
C005,Nashik,Maize,35,8,27,2,5.0,9.94,18,1,0,0,69.3
C002,Ludhiana,Maize,74,30,44,4,5.0,5.92,17,5,0,0,59.9
C004,Sehore,Wheat,55,22,33,2,7.0,7.56,13,3,0,0,147.6
C001,Karnal,Maize,88,47,41,2,7.0,7.58,9,6,1,0,168.8
C004,Sehore,Paddy,44,23,21,5,6.0,4.7,17,1,0,0,27.7
C003,Indore,Maize,52,45,7,2,4.0,8.27,15,0,1,0,18.4
C004,Sehore,Soybean,62,49,13,2,7.0,9.28,18,2,0,0,48.8
C003,Indore,Wheat,34,28,6,4,6.0,7.32,18,1,0,0,10.2
C002,Ludhiana,Soybean,19,18,1,2,4.0,5.81,10,4,0,0,2.8
C001,Karnal,Wheat,77,49,28,4,4.0,3.06,9,1,0,0,32.3
C001,Karnal,Wheat,33,13,20,4,6.0,5.06,10,5,0,0,31.0
C005,Nashik,Gram,57,15,42,2,8.0,5.52,11,5,0,0,216.7
C005,Nashik,Maize,17,11,6,5,5.0,3.12,9,4,0,0,6.1
C004,Sehore,Mustard,64,46,18,3,5.0,2.67,16,4,0,0,32.6
C001,Karnal,Maize,77,43,34,4,5.0,6.08,14,2,0,0,58.3
C002,Ludhiana,Soybean,52,36,16,5,4.0,7.1,9,4,0,0,12.8
C003,Indore,Mustard,68,31,37,3,7.0,4.92,18,1,0,0,92.6
C001,Karnal,Wheat,22,21,1,6,4.0,3.73,8,6,1,0,1
C005,Nashik,Soybean,51,45,6,5,7.0,6.29,17,1,0,0,8.4
C005,Nashik,Paddy,51,30,21,3,8.0,6.69,18,5,0,0,57.8
C004,Sehore,Maize,26,10,16,3,4.0,9.4,9,3,0,0,21.5
C002,Ludhiana,Wheat,50,5,45,2,5.0,3.31,13,4,0,0,147.3
C003,Indore,Paddy,30,12,18,4,5.0,8.17,8,2,0,0,23.7
C001,Karnal,Mustard,66,34,32,6,4.0,6.09,8,3,0,0,23.8
C002,Ludhiana,Mustard,56,12,44,2,8.0,3.83,16,0,1,0,209.1
C002,Ludhiana,Wheat,39,14,25,5,6.0,3.43,8,4,0,0,33.9
C004,Sehore,Paddy,52,25,27,4,5.0,4.17,9,4,0,0,37.0
C001,Karnal,Paddy,33,30,3,3,8.0,2.55,15,6,1,0,10.9
C003,Indore,Wheat,29,28,1,6,7.0,3.61,17,6,1,0,2.0
C004,Sehore,Mustard,52,39,13,6,7.0,8.08,11,1,0,1,16.4
C002,Ludhiana,Gram,27,5,22,4,4.0,8.07,14,6,1,0,33.5
C002,Ludhiana,Gram,40,8,32,3,7.0,9.78,10,5,0,0,76.7
C002,Ludhiana,Gram,40,10,30,5,6.0,6.65,16,1,0,0,39.2
C005,Nashik,Gram,56,13,43,2,7.0,3.89,12,6,1,0,222.7
C003,Indore,Mustard,24,9,15,5,6.0,9.55,10,6,1,0,20.9
C001,Karnal,Paddy,52,31,21,5,7.0,2.97,13,6,1,0,44.0
C003,Indore,Wheat,68,24,44,2,5.0,8.61,17,0,1,0,133.2
C002,Ludhiana,Wheat,63,37,26,3,6.0,2.39,12,2,0,0,66.8
C004,Sehore,Soybean,27,11,16,6,8.0,5.7,10,0,1,0,27.8
C002,Ludhiana,Paddy,72,48,24,3,7.0,7.04,18,0,1,0,66.3
C001,Karnal,Wheat,75,33,42,2,5.0,8.47,9,6,1,0,125.1
C001,Karnal,Soybean,69,32,37,2,5.0,8.57,14,3,0,1,97.7
C002,Ludhiana,Mustard,40,22,18,3,5.0,5.57,10,0,1,0,37.1
C003,Indore,Soybean,39,8,31,5,8.0,2.7,14,1,0,0,66.3
C005,Nashik,Paddy,75,50,25,6,4.0,4.87,16,6,1,0,23.8
C005,Nashik,Mustard,18,6,12,5,6.0,4.55,11,0,1,0,23.3
C001,Karnal,Soybean,57,19,38,6,6.0,9.79,9,1,0,0,41.6
C001,Karnal,Paddy,39,16,23,6,7.0,3.41,17,2,0,0,30.4
C005,Nashik,Wheat,51,14,37,4,8.0,6.5,11,6,1,0,112.3
C004,Sehore,Gram,39,7,32,4,5.0,2.72,11,4,0,0,53.9
C001,Karnal,Mustard,35,26,9,6,5.0,7.74,13,0,1,0,12.2
C002,Ludhiana,Wheat,33,28,5,6,6.0,7.64,18,3,0,0,4.9
C003,Indore,Paddy,77,36,41,3,7.0,7.19,10,5,0,0,101.4
C005,Nashik,Mustard,41,29,12,3,8.0,4.45,12,1,0,0,39.4
C005,Nashik,Soybean,55,43,12,6,4.0,4.55,17,1,0,0,7.9
C004,Sehore,Paddy,43,27,16,4,4.0,9.86,10,5,0,0,16.3
C003,Indore,Soybean,34,20,14,2,6.0,7.55,13,2,0,0,55.1
C001,Karnal,Soybean,42,31,11,5,7.0,5.94,14,2,0,0,19.0
C004,Sehore,Gram,38,9,29,3,5.0,8.39,8,2,0,1,41.2
C001,Karnal,Wheat,40,15,25,4,5.0,7.86,16,0,1,0,40.9
C004,Sehore,Maize,57,15,42,2,7.0,6.86,14,1,0,0,188.1
C002,Ludhiana,Soybean,64,47,17,6,8.0,4.25,11,0,1,0,34.9
C004,Sehore,Paddy,33,32,1,2,6.0,2.7,18,5,0,0,1.9
C001,Karnal,Paddy,41,35,6,3,6.0,8.75,12,6,1,0,17.9
C003,Indore,Wheat,40,28,12,6,7.0,9.08,13,1,0,0,18.0
C004,Sehore,Mustard,45,8,37,3,6.0,3.21,18,0,1,0,88.9
C005,Nashik,Soybean,44,8,36,6,5.0,8.73,16,3,0,0,35.1
C004,Sehore,Gram,30,10,20,3,7.0,5.16,8,4,0,0,49.1
C005,Nashik,Maize,41,33,8,6,5.0,3.38,10,1,0,0,6.1
C004,Sehore,Wheat,55,14,41,5,5.0,8.67,12,2,0,0,57.8
C001,Karnal,Wheat,66,40,26,5,8.0,4.61,12,4,0,0,56.6
C005,Nashik,Gram,39,31,8,6,7.0,3.2,17,4,0,0,12.2
C001,Karnal,Wheat,58,39,19,6,4.0,9.04,14,2,0,0,18.1
C005,Nashik,Soybean,48,30,18,2,5.0,3.15,17,5,0,0,45.3
C003,Indore,Maize,53,22,31,3,4.0,9.18,8,2,0,0,44.3
C003,Indore,Soybean,33,24,9,2,5.0,9.79,15,6,1,0,26.0
C004,Sehore,Gram,47,18,29,2,5.0,9.31,14,5,0,0,94.2
C003,Indore,Wheat,29,24,5,6,5.0,7.68,14,1,0,0,5.9
C005,Nashik,Wheat,21,8,13,3,5.0,4.0,15,0,1,0,27.3
C003,Indore,Mustard,71,45,26,5,8.0,9.38,18,0,1,0,50.9
C004,Sehore,Paddy,63,27,36,5,8.0,4.75,12,5,0,0,74.7
C001,Karnal,Soybean,55,18,37,2,5.0,8.86,18,1,0,0,96.0
C004,Sehore,Gram,44,13,31,2,4.0,7.18,17,6,1,0,74.0
C003,Indore,Maize,52,27,25,4,7.0,5.67,11,3,0,0,57.8
C005,Nashik,Soybean,38,37,1,6,4.0,10.0,13,4,0,0,1.4
C003,Indore,Maize,31,26,5,2,7.0,9.91,18,2,0,0,17.1
C003,Indore,Paddy,24,8,16,3,8.0,8.44,17,3,0,0,45.3
C001,Karnal,Maize,48,31,17,5,6.0,5.24,8,4,0,0,22.7
C002,Ludhiana,Mustard,76,35,41,3,8.0,9.25,18,2,0,0,115.6
C005,Nashik,Paddy,44,13,31,4,4.0,7.93,16,6,1,0,41.2
C003,Indore,Maize,42,19,23,2,5.0,7.95,12,3,0,0,74.0
C003,Indore,Gram,43,35,8,4,7.0,2.43,18,4,0,0,15.4
C004,Sehore,Paddy,73,29,44,6,4.0,6.24,14,0,1,0,46.0
C002,Ludhiana,Mustard,44,14,30,5,8.0,4.53,10,6,1,0,58.1
C002,Ludhiana,Mustard,51,22,29,2,4.0,3.68,10,4,0,0,61.4
C001,Karnal,Paddy,73,32,41,6,7.0,5.23,15,3,0,1,43.3
C003,Indore,Wheat,19,6,13,4,8.0,7.41,18,5,0,0,28.3
C003,Indore,Mustard,62,37,25,3,4.0,6.71,10,0,1,0,40.5
C003,Indore,Soybean,60,26,34,6,8.0,5.47,18,1,0,0,51.0
C003,Indore,Paddy,21,19,2,3,7.0,3.79,10,1,0,0,5.3
C002,Ludhiana,Wheat,70,45,25,4,4.0,4.05,16,4,0,1,25.0
C001,Karnal,Maize,57,12,45,2,4.0,5.33,14,0,1,0,134.7
C002,Ludhiana,Paddy,74,47,27,2,6.0,2.81,16,2,0,0,85.0
C004,Sehore,Wheat,31,23,8,6,8.0,2.91,9,3,0,0,10.4
C003,Indore,Gram,50,23,27,3,6.0,3.28,16,3,0,0,58.0
C004,Sehore,Mustard,48,47,1,3,4.0,2.71,9,6,1,0,1.6
C001,Karnal,Gram,63,46,17,2,4.0,3.85,12,2,0,0,42.9
C002,Ludhiana,Wheat,69,25,44,4,6.0,5.41,9,0,1,0,82.7
C001,Karnal,Paddy,56,33,23,3,6.0,9.64,12,5,0,0,61.5
C002,Ludhiana,Wheat,52,22,30,5,7.0,8.69,15,6,1,0,53.4
C002,Ludhiana,Wheat,22,11,11,3,4.0,5.33,17,3,0,0,16.7
C002,Ludhiana,Gram,46,6,40,5,6.0,8.9,10,3,0,0,51.3
C004,Sehore,Soybean,63,46,17,2,4.0,4.51,18,4,0,0,36.3
C005,Nashik,Paddy,83,49,34,4,8.0,7.6,9,3,0,0,71.1
C003,Indore,Maize,80,44,36,5,5.0,2.44,18,1,0,0,40.2
C004,Sehore,Paddy,41,20,21,2,7.0,4.65,12,0,1,0,108.4
C004,Sehore,Soybean,63,33,30,3,4.0,8.41,15,0,1,0,49.4
C001,Karnal,Soybean,57,31,26,2,4.0,2.29,16,0,1,0,64.1
C005,Nashik,Maize,54,18,36,4,8.0,7.24,15,2,0,0,74.5
C002,Ludhiana,Soybean,83,43,40,4,8.0,5.79,18,2,0,0,83.3
C002,Ludhiana,Wheat,64,23,41,4,6.0,6.38,13,5,0,0,83.4
C004,Sehore,Paddy,61,44,17,5,4.0,3.57,9,6,1,0,17.5
C002,Ludhiana,Maize,34,7,27,4,4.0,9.41,18,4,0,0,31.8
C004,Sehore,Maize,45,36,9,6,8.0,2.03,8,4,0,0,14.4
C004,Sehore,Gram,25,13,12,3,8.0,2.83,18,4,0,0,32.7
C004,Sehore,Soybean,48,30,18,6,5.0,9.71,12,3,0,0,19.5
C005,Nashik,Maize,85,40,45,6,6.0,8.89,16,5,0,0,49.2
C003,Indore,Maize,58,16,42,4,5.0,6.03,18,2,0,0,58.6
C005,Nashik,Soybean,93,50,43,6,8.0,5.34,16,2,0,0,62.2
C001,Karnal,Gram,39,14,25,2,4.0,2.42,8,1,0,0,54.1
C003,Indore,Maize,53,49,4,4,5.0,8.27,11,6,1,0,7.1
C004,Sehore,Wheat,61,46,15,6,8.0,6.49,11,4,0,0,28.0
C003,Indore,Maize,56,31,25,2,7.0,9.65,18,2,0,0,88.7
C003,Indore,Paddy,60,45,15,6,7.0,7.64,18,2,0,0,19.5
C005,Nashik,Paddy,45,16,29,3,6.0,9.87,9,1,0,0,62.4
C001,Karnal,Soybean,58,40,18,2,7.0,4.11,10,4,0,0,63.2
C004,Sehore,Maize,35,25,10,3,4.0,6.78,18,4,0,0,13.7
C005,Nashik,Gram,59,38,21,4,4.0,3.76,10,4,0,0,23.5
C004,Sehore,Gram,33,27,6,6,7.0,3.77,11,5,0,0,8.9
C002,Ludhiana,Gram,82,46,36,6,7.0,2.07,18,2,0,0,47.9
C005,Nashik,Gram,69,25,44,3,4.0,5.05,9,3,0,0,64.8
C001,Karnal,Gram,66,33,33,4,8.0,5.89,12,5,0,0,86.5
C001,Karnal,Paddy,46,45,1,6,8.0,2.52,18,5,0,0,2.9
C004,Sehore,Wheat,77,32,45,3,8.0,7.17,9,5,0,0,123.5
C003,Indore,Wheat,20,16,4,2,4.0,8.35,16,0,1,0,8.6
C003,Indore,Soybean,71,30,41,5,7.0,5.46,8,3,0,0,62.5
C005,Nashik,Wheat,54,9,45,6,4.0,4.86,16,0,1,0,40.6
C005,Nashik,Wheat,55,30,25,4,7.0,8.58,8,3,0,0,45.6
C004,Sehore,Gram,68,48,20,4,5.0,9.1,18,2,0,0,25.4
C005,Nashik,Paddy,42,41,1,2,4.0,6.77,16,4,0,0,1.3
C003,Indore,Paddy,25,15,10,5,8.0,3.47,17,6,1,0,18.1
C005,Nashik,Wheat,82,40,42,6,7.0,2.59,18,0,1,0,60.2
C005,Nashik,Soybean,56,47,9,4,6.0,7.24,9,2,0,0,16.2
C003,Indore,Soybean,87,47,40,5,6.0,4.45,17,1,0,0,52.3
C003,Indore,Soybean,41,20,21,3,4.0,8.29,18,3,0,0,30.0
C003,Indore,Soybean,47,24,23,5,7.0,5.9,9,1,0,0,33.3
C003,Indore,Paddy,62,45,17,6,5.0,2.61,9,0,1,0,18.9
C005,Nashik,Gram,21,7,14,5,8.0,6.41,16,4,0,0,25.2
C003,Indore,Soybean,32,13,19,3,8.0,5.72,16,0,1,0,60.6
C002,Ludhiana,Gram,42,33,9,3,8.0,3.27,17,4,0,0,27.0
C004,Sehore,Mustard,51,19,32,2,5.0,2.5,13,1,0,1,82.7
C003,Indore,Soybean,10,7,3,5,7.0,9.84,13,0,1,0,6.5
C003,Indore,Maize,76,41,35,4,8.0,3.39,18,3,0,0,74.8
C001,Karnal,Gram,53,38,15,4,7.0,5.25,13,3,0,0,36.2
C001,Karnal,Gram,30,19,11,3,7.0,2.62,18,2,0,0,25.7
C003,Indore,Gram,53,26,27,2,5.0,7.76,15,5,0,0,69.6
C002,Ludhiana,Maize,23,7,16,5,4.0,3.02,17,1,0,0,14.8
C005,Nashik,Paddy,33,16,17,2,5.0,6.13,14,4,0,0,55.7
C003,Indore,Wheat,74,35,39,3,7.0,8.94,10,1,0,0,96.1
C005,Nashik,Paddy,32,15,17,6,8.0,7.79,13,3,0,0,28.6
C004,Sehore,Soybean,19,17,2,3,4.0,6.18,16,5,0,0,1.5
C001,Karnal,Paddy,46,7,39,5,8.0,9.02,16,4,0,0,65.5
C002,Ludhiana,Gram,90,46,44,6,4.0,5.45,14,2,0,0,42.7
C004,Sehore,Paddy,65,42,23,5,7.0,8.44,17,0,1,0,38.8
C002,Ludhiana,Wheat,66,31,35,4,8.0,4.06,8,5,0,0,72.2
C005,Nashik,Wheat,71,46,25,6,4.0,3.64,13,3,0,0,22.5
C005,Nashik,Mustard,69,41,28,4,8.0,4.93,12,5,0,0,72.2
C005,Nashik,Gram,64,40,24,5,5.0,6.44,12,2,0,0,34.0
C004,Sehore,Maize,48,33,15,3,4.0,8.26,10,0,1,0,24.4
C003,Indore,Gram,40,29,11,6,4.0,9.72,8,6,1,0,8.3
C005,Nashik,Soybean,36,19,17,2,4.0,4.97,17,0,1,0,42.9
C004,Sehore,Gram,47,8,39,6,6.0,9.57,10,5,0,0,41.7
C005,Nashik,Mustard,76,37,39,3,4.0,6.13,11,4,0,0,67.8
C002,Ludhiana,Maize,28,22,6,2,5.0,8.24,13,5,0,0,19.8
C005,Nashik,Wheat,59,23,36,2,4.0,7.81,16,4,0,0,78.2
C003,Indore,Paddy,60,30,30,6,5.0,6.6,12,1,0,0,33.3
C001,Karnal,Gram,45,37,8,4,6.0,9.65,16,6,1,0,13.8
C004,Sehore,Soybean,42,26,16,6,7.0,9.69,15,5,0,0,20.9
C001,Karnal,Soybean,34,29,5,2,6.0,7.07,11,5,0,0,20.6
C004,Sehore,Mustard,50,49,1,6,8.0,8.66,11,2,0,0,2.5
C003,Indore,Wheat,56,25,31,6,5.0,4.83,17,2,0,0,30.5
C002,Ludhiana,Soybean,37,21,16,3,5.0,3.65,11,6,1,0,40.7
C002,Ludhiana,Wheat,91,47,44,2,4.0,5.94,8,6,1,0,108.3
C004,Sehore,Mustard,73,41,32,6,6.0,8.95,15,1,0,0,37.5
C003,Indore,Soybean,17,8,9,3,8.0,6.21,14,3,0,0,29.2
C003,Indore,Soybean,57,49,8,3,7.0,6.15,13,5,0,1,20.3
C004,Sehore,Gram,68,44,24,2,6.0,8.89,10,4,0,0,74.0
C005,Nashik,Mustard,64,32,32,4,5.0,3.68,13,2,0,0,53.0
C002,Ludhiana,Gram,63,19,44,3,8.0,8.51,12,6,1,0,173.7
C004,Sehore,Paddy,36,5,31,3,5.0,3.41,15,1,0,0,56.8
C005,Nashik,Gram,41,21,20,4,7.0,6.5,17,0,1,0,43.4
C001,Karnal,Paddy,52,11,41,4,7.0,5.6,13,2,0,0,94.8
C003,Indore,Mustard,35,27,8,2,7.0,8.94,17,1,0,0,29.6
C005,Nashik,Paddy,69,48,21,4,6.0,6.08,15,0,1,0,37.9
C002,Ludhiana,Paddy,85,44,41,4,7.0,6.57,9,0,1,0,86.3
C003,Indore,Maize,85,46,39,4,6.0,5.16,15,6,1,0,71.4
C005,Nashik,Gram,27,16,11,5,7.0,8.83,10,5,0,0,15.7
C001,Karnal,Paddy,18,11,7,3,7.0,2.51,15,4,0,0,18.3
C005,Nashik,Wheat,54,14,40,2,6.0,2.67,14,2,0,0,155.8
C004,Sehore,Maize,49,15,34,3,5.0,2.23,18,2,0,0,60.0
C004,Sehore,Soybean,69,33,36,6,6.0,3.08,16,1,0,0,40.1
C005,Nashik,Soybean,47,27,20,6,8.0,5.85,11,6,1,0,40.0
C004,Sehore,Mustard,6,5,1,3,6.0,6.19,10,2,0,0,2.3
C004,Sehore,Soybean,51,23,28,4,4.0,6.78,8,4,0,0,31.0
C005,Nashik,Soybean,61,50,11,5,5.0,7.9,14,6,1,0,16.2
C004,Sehore,Maize,89,49,40,3,8.0,7.48,12,5,0,0,139.4
C004,Sehore,Paddy,32,23,9,2,5.0,2.88,15,4,0,0,24.4
C004,Sehore,Paddy,18,8,10,4,4.0,9.76,8,1,0,0,10.3
C002,Ludhiana,Maize,25,10,15,5,4.0,3.21,15,1,0,0,13.0
C004,Sehore,Mustard,32,10,22,5,4.0,8.75,10,0,1,0,22.4
C005,Nashik,Soybean,46,29,17,3,5.0,8.63,9,6,1,0,34.2
C004,Sehore,Paddy,41,11,30,2,5.0,6.17,11,3,0,0,99.2
C003,Indore,Paddy,46,12,34,2,8.0,4.03,18,2,0,0,141.6
C002,Ludhiana,Wheat,26,5,21,3,7.0,3.34,12,4,0,0,64.9
C001,Karnal,Wheat,88,43,45,6,7.0,3.24,9,1,0,0,56.3
C005,Nashik,Mustard,69,46,23,2,4.0,3.23,16,6,1,0,55.6
C003,Indore,Gram,19,6,13,4,7.0,7.51,13,5,0,0,31.6
C004,Sehore,Maize,58,39,19,5,8.0,7.58,11,4,0,0,39.7
C004,Sehore,Mustard,20,9,11,6,8.0,6.25,15,2,0,0,16.2
C004,Sehore,Wheat,18,6,12,6,7.0,6.96,13,6,1,0,20.8
C001,Karnal,Maize,51,38,13,6,7.0,7.47,16,1,0,0,16.0
C003,Indore,Wheat,52,9,43,2,8.0,2.35,10,1,0,0,176.0
C004,Sehore,Paddy,83,46,37,2,4.0,8.69,18,3,0,0,79.2
C003,Indore,Wheat,89,50,39,4,5.0,2.57,11,5,0,0,67.2
C001,Karnal,Soybean,67,31,36,2,6.0,8.58,8,6,1,0,128.6
C001,Karnal,Mustard,45,11,34,2,5.0,2.81,11,4,0,0,109.1
C002,Ludhiana,Gram,67,31,36,3,8.0,7.97,18,4,0,0,100.2
C004,Sehore,Wheat,66,30,36,3,5.0,6.04,18,1,0,0,64.7
C003,Indore,Mustard,55,31,24,6,6.0,8.11,14,6,1,0,37.8
C005,Nashik,Gram,57,21,36,3,7.0,4.88,15,3,0,0,86.3
C001,Karnal,Mustard,47,13,34,6,4.0,9.95,12,0,1,0,35.6
C003,Indore,Wheat,73,40,33,4,8.0,6.57,17,1,0,0,69.8
C002,Ludhiana,Paddy,58,20,38,4,6.0,3.86,12,0,1,0,86.8
C002,Ludhiana,Maize,47,16,31,2,6.0,5.91,17,6,1,0,111.1
C003,Indore,Wheat,14,8,6,6,7.0,9.37,13,2,0,0,9.2
C001,Karnal,Paddy,86,45,41,6,4.0,5.06,12,4,0,1,32.4
C002,Ludhiana,Mustard,18,8,10,6,5.0,7.39,14,3,0,0,11.9
C001,Karnal,Paddy,40,14,26,5,6.0,3.06,9,3,0,0,32.5
C004,Sehore,Mustard,65,32,33,2,7.0,8.19,10,6,1,0,137.0
C004,Sehore,Soybean,80,44,36,6,5.0,9.98,16,1,0,0,33.4
C004,Sehore,Mustard,55,47,8,6,4.0,5.31,13,2,0,0,7.0
C001,Karnal,Mustard,73,33,40,3,6.0,6.99,15,0,1,0,95.7
C003,Indore,Paddy,24,20,4,2,4.0,9.59,10,6,1,0,8.8
C003,Indore,Maize,64,35,29,2,6.0,2.18,11,5,0,0,111.0
C005,Nashik,Mustard,54,14,40,6,7.0,7.56,18,0,1,0,60.1
C005,Nashik,Wheat,27,23,4,4,5.0,3.61,17,2,0,0,6.1
C001,Karnal,Wheat,90,47,43,5,6.0,4.88,9,0,1,0,66.0
C004,Sehore,Paddy,32,25,7,5,8.0,5.88,17,4,0,0,10.8
C004,Sehore,Gram,54,38,16,2,4.0,4.44,15,3,0,0,32.0
C003,Indore,Mustard,55,22,33,4,5.0,8.5,18,2,0,0,46.8
C001,Karnal,Gram,36,26,10,4,5.0,9.18,18,1,0,0,13.2
C005,Nashik,Maize,57,41,16,3,7.0,3.22,12,4,0,0,48.8
C002,Ludhiana,Maize,83,48,35,3,8.0,8.4,10,2,0,0,99.1
C002,Ludhiana,Soybean,36,25,11,3,8.0,2.54,16,5,0,0,29.9
C002,Ludhiana,Maize,58,31,27,2,6.0,4.43,18,5,0,0,85.4
C001,Karnal,Paddy,84,44,40,3,4.0,4.13,17,4,0,0,57.1
C001,Karnal,Mustard,46,37,9,2,7.0,8.77,15,5,0,0,31.3
C004,Sehore,Soybean,28,17,11,5,5.0,3.81,14,6,1,0,18.8
C004,Sehore,Paddy,21,16,5,3,5.0,9.42,15,6,1,0,10.9
C004,Sehore,Paddy,46,43,3,5,7.0,7.88,14,5,0,0,6.1
C005,Nashik,Gram,92,50,42,6,8.0,8.3,16,0,1,0,70.7
C001,Karnal,Paddy,33,7,26,6,8.0,6.46,16,6,1,0,41.2
C003,Indore,Soybean,53,34,19,5,6.0,3.33,12,4,0,0,31.5
C002,Ludhiana,Soybean,45,12,33,5,4.0,3.44,17,5,0,0,29.9
C003,Indore,Soybean,72,42,30,2,5.0,9.17,11,3,0,0,96.6
C002,Ludhiana,Maize,58,50,8,2,4.0,5.6,13,0,1,0,23.5
C005,Nashik,Gram,65,29,36,3,7.0,2.35,10,2,0,0,89.0
C002,Ludhiana,Paddy,35,31,4,3,5.0,4.46,15,2,0,0,5.6
C002,Ludhiana,Paddy,22,5,17,2,8.0,5.67,15,4,0,0,70.5
C004,Sehore,Paddy,78,35,43,3,8.0,5.63,15,0,1,0,135.1
C005,Nashik,Mustard,22,8,14,6,8.0,3.48,8,5,0,0,18.9
C001,Karnal,Maize,46,26,20,6,8.0,9.36,8,0,1,0,31.8
C003,Indore,Gram,52,16,36,6,8.0,9.73,17,2,0,0,50.7
C003,Indore,Mustard,37,32,5,4,7.0,8.75,9,2,0,0,7.8
C003,Indore,Mustard,52,18,34,6,7.0,7.57,17,0,1,0,50.6
C005,Nashik,Wheat,51,32,19,5,8.0,6.87,13,2,0,0,42.3
C003,Indore,Paddy,70,38,32,6,8.0,7.83,15,3,0,0,48.0
C002,Ludhiana,Maize,13,12,1,4,5.0,2.19,18,6,1,0,2.9
C005,Nashik,Soybean,49,27,22,5,4.0,6.48,18,1,0,1,15.5
C003,Indore,Mustard,57,37,20,2,6.0,6.4,8,0,1,0,70.8
C005,Nashik,Gram,39,26,13,2,5.0,8.67,18,3,0,0,35.2
C002,Ludhiana,Soybean,61,26,35,3,7.0,5.7,14,5,0,0,106.4
C005,Nashik,Maize,41,6,35,4,8.0,3.67,18,2,0,0,75.8
C003,Indore,Wheat,28,26,2,3,6.0,9.87,18,4,0,0,4.5
C004,Sehore,Paddy,70,50,20,6,4.0,8.86,8,2,0,0,15.7
C002,Ludhiana,Mustard,52,38,14,5,6.0,4.42,9,2,0,0,19.6
C001,Karnal,Soybean,68,37,31,6,4.0,3.23,13,3,0,0,29.6
C003,Indore,Paddy,57,13,44,2,8.0,3.64,8,3,0,0,182.7
C001,Karnal,Wheat,87,43,44,4,4.0,8.98,13,3,0,0,58.7
C003,Indore,Wheat,59,18,41,6,6.0,4.57,11,2,0,0,55.4
C004,Sehore,Maize,25,15,10,2,6.0,4.19,8,4,0,0,29.6
C005,Nashik,Mustard,32,14,18,6,6.0,9.55,12,4,0,0,22.9
C005,Nashik,Mustard,17,13,4,6,7.0,2.23,18,0,1,0,4.1
C004,Sehore,Soybean,83,45,38,3,8.0,8.69,15,4,0,0,105.2
C002,Ludhiana,Maize,71,41,30,6,4.0,3.05,15,0,1,0,27.3
C004,Sehore,Soybean,54,44,10,3,5.0,4.06,13,3,0,0,23.7
C003,Indore,Mustard,11,9,2,5,7.0,5.8,13,3,0,0,2.4
C003,Indore,Gram,44,11,33,6,5.0,5.25,9,2,0,0,29.7
C003,Indore,Gram,69,31,38,5,7.0,3.91,11,4,0,0,71.0
C001,Karnal,Mustard,60,32,28,3,8.0,6.54,13,4,0,0,95.4
C001,Karnal,Maize,50,42,8,6,7.0,6.77,13,4,0,0,12.4
C003,Indore,Soybean,55,48,7,2,8.0,8.51,14,2,0,0,36.5
C001,Karnal,Paddy,46,5,41,3,8.0,8.06,18,1,0,0,113.4
C005,Nashik,Gram,62,48,14,5,5.0,9.02,12,4,0,0,19.9
C004,Sehore,Maize,43,5,38,4,4.0,6.89,16,3,0,0,44.0
C001,Karnal,Mustard,51,50,1,6,4.0,6.48,13,0,1,0,2.5
C002,Ludhiana,Soybean,66,25,41,6,7.0,7.69,14,3,0,0,63.6
C002,Ludhiana,Soybean,65,29,36,3,5.0,8.75,13,6,1,0,89.7
C002,Ludhiana,Paddy,48,6,42,2,4.0,3.15,15,5,0,0,91.0
C001,Karnal,Paddy,88,43,45,5,7.0,9.44,17,1,0,0,68.1
C004,Sehore,Soybean,44,32,12,4,5.0,6.84,17,3,0,0,15.4
C005,Nashik,Mustard,65,28,37,5,8.0,2.27,8,4,0,0,63.1
C005,Nashik,Soybean,56,22,34,2,5.0,5.72,9,4,0,0,87.4
C004,Sehore,Maize,62,24,38,2,8.0,6.9,13,4,0,0,194.4
C005,Nashik,Soybean,54,27,27,6,6.0,9.68,12,2,0,0,37.8
C005,Nashik,Maize,25,8,17,4,8.0,7.03,17,1,0,0,36.7
C003,Indore,Maize,55,36,19,6,4.0,2.66,16,0,1,0,16.0
C002,Ludhiana,Gram,22,5,17,4,6.0,7.93,17,1,0,0,28.5
C004,Sehore,Mustard,65,20,45,3,6.0,5.88,16,6,1,0,110.8
C002,Ludhiana,Gram,56,29,27,3,7.0,3.9,15,5,0,0,65.1
C003,Indore,Wheat,19,15,4,4,4.0,5.71,15,2,0,0,6.3
C005,Nashik,Paddy,52,21,31,5,7.0,3.16,14,0,1,0,67.3
C004,Sehore,Maize,51,7,44,4,8.0,2.78,16,5,0,0,94.7
C005,Nashik,Maize,40,22,18,4,6.0,8.42,12,5,0,0,35.8
C002,Ludhiana,Maize,60,26,34,6,5.0,7.42,10,2,0,0,33.1
C001,Karnal,Wheat,45,11,34,5,4.0,7.48,13,1,0,0,37.1
C001,Karnal,Wheat,47,43,4,6,4.0,7.25,11,4,0,0,4.6
C001,Karnal,Wheat,72,47,25,6,5.0,8.11,18,4,0,0,22.6
C001,Karnal,Maize,53,34,19,3,6.0,7.28,9,5,0,0,42.3
C004,Sehore,Maize,20,9,11,4,6.0,4.22,8,3,0,0,19.8
C003,Indore,Mustard,41,36,5,3,7.0,9.84,11,4,0,0,15.8
C001,Karnal,Paddy,58,44,14,6,7.0,7.15,15,5,0,0,16.2
C001,Karnal,Gram,38,36,2,4,7.0,3.19,18,0,1,0,4.9
C003,Indore,Paddy,42,5,37,4,7.0,6.12,15,3,0,0,70.6
C001,Karnal,Gram,74,49,25,3,4.0,8.54,15,0,1,0,43.1
C003,Indore,Mustard,49,45,4,4,7.0,9.98,18,0,1,0,9.9
C003,Indore,Wheat,59,17,42,5,6.0,3.41,8,3,0,0,54.6
C004,Sehore,Wheat,51,45,6,4,7.0,5.5,11,1,0,1,9.3
C005,Nashik,Paddy,44,39,5,5,7.0,7.15,15,4,0,0,8.8
C001,Karnal,Wheat,29,7,22,4,4.0,5.24,11,6,1,0,34.4
C005,Nashik,Paddy,12,7,5,6,5.0,7.88,15,5,0,1,5.6
C005,Nashik,Wheat,17,16,1,3,5.0,7.06,12,6,1,0,2.3
C002,Ludhiana,Gram,44,36,8,2,4.0,6.76,17,1,0,0,15.8
C003,Indore,Maize,56,48,8,5,6.0,6.61,10,2,0,0,11.7
C001,Karnal,Gram,17,12,5,3,6.0,4.19,14,1,0,0,13.3
C004,Sehore,Paddy,20,11,9,6,4.0,8.33,18,4,0,0,5.7
C004,Sehore,Wheat,22,10,12,2,4.0,7.65,17,2,0,0,26.7
C004,Sehore,Maize,55,45,10,3,5.0,4.17,15,3,0,0,16.6
C001,Karnal,Gram,50,10,40,3,7.0,7.02,12,2,0,0,121.7
C002,Ludhiana,Wheat,68,28,40,6,4.0,8.9,16,4,0,0,32.5
C002,Ludhiana,Mustard,22,14,8,2,5.0,7.48,15,3,0,0,21.6
C001,Karnal,Wheat,46,32,14,4,6.0,4.01,17,6,1,0,25.6
C001,Karnal,Maize,27,15,12,2,8.0,8.28,15,4,0,0,51.0
C004,Sehore,Gram,44,17,27,6,6.0,7.98,13,1,0,0,36.3
C001,Karnal,Paddy,44,19,25,5,5.0,2.59,17,3,0,0,27.7
C002,Ludhiana,Gram,53,28,25,5,5.0,3.09,11,5,0,0,33.3
C003,Indore,Paddy,26,22,4,2,8.0,3.09,15,3,0,0,17.5
C002,Ludhiana,Mustard,85,44,41,6,5.0,9.24,17,4,0,0,37.4
C005,Nashik,Soybean,65,34,31,3,8.0,4.23,14,5,0,0,106.0
C004,Sehore,Gram,51,41,10,3,8.0,9.19,14,0,1,0,39.4
C005,Nashik,Wheat,61,35,26,5,8.0,8.48,9,3,0,0,43.1
C001,Karnal,Maize,36,27,9,5,5.0,4.37,18,0,1,0,12.1
C002,Ludhiana,Maize,44,6,38,5,8.0,9.81,15,6,1,0,75.3
C002,Ludhiana,Mustard,50,9,41,5,4.0,5.08,13,4,0,1,37.4
C003,Indore,Maize,55,18,37,6,8.0,8.3,9,4,0,0,54.7
C001,Karnal,Gram,37,29,8,4,4.0,4.92,17,0,1,0,8.9
C005,Nashik,Maize,27,13,14,2,8.0,9.85,11,4,0,0,71.6
C005,Nashik,Maize,48,27,21,3,5.0,9.18,16,5,0,0,35.7
C003,Indore,Mustard,71,38,33,5,7.0,8.64,15,5,0,0,51.5
C003,Indore,Soybean,93,49,44,6,6.0,8.47,9,1,0,0,49.1
C001,Karnal,Soybean,16,11,5,3,6.0,3.32,9,5,0,0,9.2
C002,Ludhiana,Gram,75,48,27,2,6.0,6.33,10,3,0,0,84.0
C001,Karnal,Mustard,21,19,2,3,4.0,8.68,16,5,0,0,3.2
C003,Indore,Soybean,69,33,36,6,8.0,5.66,17,1,0,0,51.5
C003,Indore,Paddy,27,8,19,5,6.0,3.19,12,3,0,0,31.3
C002,Ludhiana,Maize,28,16,12,6,6.0,8.71,18,6,1,0,14.2
C001,Karnal,Mustard,50,21,29,6,5.0,4.96,11,4,0,0,34.4
C003,Indore,Paddy,50,15,35,4,7.0,6.27,9,0,1,0,74.6
C002,Ludhiana,Soybean,40,39,1,4,5.0,9.8,13,5,0,0,1.6
C003,Indore,Gram,55,26,29,3,8.0,7.51,15,0,1,0,92.6
C003,Indore,Wheat,48,33,15,5,8.0,4.86,13,0,1,0,35.1
C005,Nashik,Paddy,12,10,2,4,5.0,6.31,15,5,0,0,1.1
C005,Nashik,Soybean,64,43,21,3,7.0,6.84,8,5,0,0,50.1
C004,Sehore,Mustard,24,23,1,5,6.0,4.76,12,3,0,0,1
C004,Sehore,Maize,34,15,19,5,7.0,8.45,14,5,0,0,34.1
C005,Nashik,Gram,38,24,14,2,5.0,5.8,16,2,0,0,38.5
C004,Sehore,Wheat,63,22,41,2,7.0,5.32,16,3,0,0,149.4
C002,Ludhiana,Paddy,59,40,19,3,7.0,5.92,12,6,1,0,66.0
C004,Sehore,Paddy,31,21,10,2,4.0,4.4,18,6,1,0,22.7
C003,Indore,Soybean,91,46,45,3,7.0,3.96,9,6,1,0,128.1
C001,Karnal,Gram,72,41,31,4,8.0,5.49,12,5,0,0,83.1
C001,Karnal,Mustard,23,21,2,6,8.0,3.3,8,1,0,0,4.4
C002,Ludhiana,Mustard,46,28,18,3,4.0,5.36,13,0,1,0,36.8
C001,Karnal,Gram,50,43,7,3,5.0,8.02,16,2,0,0,13.8
C003,Indore,Mustard,77,42,35,4,4.0,4.81,10,0,1,0,43.6
C004,Sehore,Soybean,25,18,7,4,5.0,3.24,11,6,1,0,15.0
C005,Nashik,Maize,85,49,36,6,8.0,8.05,9,3,0,0,50.6
C002,Ludhiana,Wheat,69,49,20,5,6.0,4.9,15,4,0,0,28.3
C002,Ludhiana,Maize,27,19,8,4,4.0,3.03,10,5,0,0,7.5
C002,Ludhiana,Wheat,11,6,5,5,4.0,8.2,14,0,1,0,4.5
C005,Nashik,Gram,29,21,8,2,7.0,2.35,12,5,0,1,27.3
C001,Karnal,Gram,29,16,13,3,8.0,7.36,8,0,1,0,42.4
C003,Indore,Gram,48,37,11,4,6.0,8.25,17,1,0,0,16.1
C005,Nashik,Wheat,36,23,13,6,5.0,3.37,16,0,1,0,12.4
C002,Ludhiana,Gram,87,42,45,5,6.0,3.48,18,0,1,0,66.9
C004,Sehore,Soybean,46,31,15,3,8.0,2.9,13,0,1,0,59.4
C004,Sehore,Mustard,13,10,3,4,8.0,4.62,9,3,0,0,6.8
C003,Indore,Maize,67,31,36,5,5.0,4.32,14,1,0,0,50.9
C004,Sehore,Maize,49,48,1,4,5.0,5.93,9,3,0,0,2.0
C001,Karnal,Wheat,75,49,26,3,7.0,6.72,9,5,0,0,65.7
C001,Karnal,Mustard,56,43,13,3,6.0,8.75,14,0,1,0,38.6
C004,Sehore,Mustard,64,46,18,6,8.0,9.55,13,3,0,0,34.0
C004,Sehore,Gram,41,11,30,4,5.0,2.98,15,3,0,0,42.9
C001,Karnal,Wheat,80,48,32,2,4.0,2.21,10,3,0,0,67.1
C003,Indore,Gram,52,47,5,6,4.0,8.01,15,6,1,0,3.6
C004,Sehore,Soybean,61,26,35,6,6.0,8.48,16,4,0,1,33.3
C004,Sehore,Wheat,50,29,21,5,7.0,5.54,8,0,1,0,37.0
C003,Indore,Maize,41,13,28,3,7.0,4.5,14,3,0,0,85.3
C004,Sehore,Maize,72,35,37,6,8.0,5.81,10,4,0,0,52.8
C005,Nashik,Soybean,44,25,19,6,6.0,2.49,17,0,1,0,23.6
C005,Nashik,Wheat,39,32,7,4,7.0,4.76,13,3,0,0,16.8
C002,Ludhiana,Paddy,55,49,6,4,8.0,2.52,12,0,1,0,16.0
C003,Indore,Wheat,74,37,37,5,7.0,9.21,12,0,1,0,79.3
C003,Indore,Soybean,62,41,21,6,7.0,2.78,15,0,1,0,29.5
C004,Sehore,Gram,64,24,40,4,5.0,4.91,14,1,0,0,68.7
C001,Karnal,Gram,25,8,17,3,6.0,4.38,17,3,0,0,36.5
C001,Karnal,Maize,64,26,38,6,4.0,4.19,17,6,1,0,33.4
C003,Indore,Wheat,52,32,20,4,8.0,7.31,13,1,0,0,51.4
C005,Nashik,Soybean,47,45,2,6,5.0,7.63,10,4,0,0,2.5
C004,Sehore,Mustard,69,41,28,6,8.0,7.81,8,4,0,0,40.5
C002,Ludhiana,Paddy,52,25,27,4,7.0,8.88,9,5,0,0,50.1
C003,Indore,Maize,87,43,44,3,6.0,3.89,11,0,1,0,129.9
C003,Indore,Soybean,60,32,28,5,8.0,7.18,8,1,0,0,46.7
C003,Indore,Mustard,49,7,42,6,5.0,9.71,15,6,1,0,46.7
C001,Karnal,Mustard,36,31,5,6,6.0,9.17,18,5,0,0,5.2
C002,Ludhiana,Paddy,45,12,33,2,8.0,6.18,17,6,1,0,154.8
C001,Karnal,Paddy,47,26,21,6,4.0,8.66,14,6,1,0,21.6
C004,Sehore,Paddy,30,18,12,3,4.0,9.76,15,3,0,0,17.8
C004,Sehore,Gram,60,39,21,4,4.0,5.39,18,1,0,0,25.0
C002,Ludhiana,Mustard,26,6,20,5,6.0,7.16,17,0,1,0,30.6
C001,Karnal,Maize,65,29,36,3,6.0,4.47,13,6,1,0,108.0
C002,Ludhiana,Soybean,47,21,26,5,4.0,4.41,11,2,0,0,30.7
C004,Sehore,Maize,25,22,3,4,7.0,8.93,15,3,0,0,7.3
C003,Indore,Maize,60,49,11,5,4.0,4.09,9,2,0,0,11.0
C005,Nashik,Maize,51,6,45,4,7.0,8.1,18,5,0,0,83.9
C002,Ludhiana,Wheat,65,24,41,5,5.0,4.51,9,0,1,0,52.1
C002,Ludhiana,Gram,64,35,29,5,6.0,8.99,10,2,0,0,38.7
C003,Indore,Mustard,55,28,27,3,4.0,3.46,14,6,1,0,53.9
C001,Karnal,Gram,40,34,6,6,5.0,3.59,10,0,1,0,6.2
C003,Indore,Paddy,52,41,11,2,6.0,2.94,16,3,0,0,36.0
C004,Sehore,Wheat,35,22,13,3,5.0,4.3,15,3,0,0,24.7
C005,Nashik,Paddy,43,16,27,4,5.0,5.27,10,0,1,0,41.1
C005,Nashik,Soybean,86,48,38,3,6.0,7.18,9,0,1,0,93.4
C004,Sehore,Maize,71,43,28,3,7.0,4.05,9,4,0,0,68.0
C002,Ludhiana,Soybean,86,43,43,4,8.0,7.68,8,0,1,0,104.5
C003,Indore,Soybean,43,7,36,4,5.0,6.64,12,1,0,0,62.3
C004,Sehore,Paddy,66,32,34,2,6.0,3.13,9,2,0,1,84.2
C003,Indore,Maize,40,21,19,4,7.0,6.9,12,4,0,0,45.4
C003,Indore,Maize,83,47,36,5,5.0,7.09,15,0,1,0,43.9
C002,Ludhiana,Wheat,61,50,11,5,6.0,5.74,9,3,0,1,11.3
C005,Nashik,Soybean,22,14,8,5,7.0,2.99,9,1,0,0,10.9
C002,Ludhiana,Maize,84,47,37,6,6.0,6.69,17,0,1,0,47.3
C004,Sehore,Wheat,55,11,44,3,7.0,9.1,8,2,0,0,108.7
C004,Sehore,Mustard,35,14,21,6,4.0,2.23,15,6,1,0,18.5
C003,Indore,Gram,49,46,3,2,6.0,6.98,15,2,0,0,11.4
C005,Nashik,Paddy,65,23,42,3,4.0,4.59,8,5,0,0,62.8
C004,Sehore,Wheat,32,20,12,5,6.0,9.72,14,0,1,0,21.0
C004,Sehore,Soybean,32,24,8,4,5.0,5.93,14,5,0,0,12.7
C005,Nashik,Paddy,61,37,24,4,4.0,3.6,15,3,0,0,27.1
C004,Sehore,Wheat,56,16,40,5,6.0,5.47,14,0,1,0,73.2
C004,Sehore,Maize,70,38,32,3,5.0,7.04,16,0,1,0,64.9
C004,Sehore,Mustard,68,24,44,3,5.0,8.73,16,3,0,0,76.8
C001,Karnal,Wheat,65,32,33,6,4.0,5.3,15,5,0,0,27.2
C003,Indore,Mustard,39,6,33,6,4.0,2.91,18,3,0,0,24.7
C004,Sehore,Wheat,45,25,20,2,7.0,6.7,15,6,1,0,83.4
C003,Indore,Mustard,22,10,12,3,5.0,7.98,17,2,0,0,19.9
C005,Nashik,Wheat,13,5,8,2,7.0,3.37,15,3,0,0,30.4
C005,Nashik,Maize,84,44,40,5,6.0,4.89,18,5,0,0,54.0
C001,Karnal,Paddy,25,12,13,3,4.0,8.53,11,6,1,0,26.4
C002,Ludhiana,Maize,80,39,41,3,7.0,3.53,12,6,1,0,142.3
C001,Karnal,Wheat,78,33,45,3,5.0,9.71,15,0,1,0,92.0
C002,Ludhiana,Mustard,30,26,4,6,7.0,2.06,18,6,1,0,7.8
C004,Sehore,Maize,59,23,36,6,8.0,2.3,14,3,0,0,65.2
C004,Sehore,Paddy,34,32,2,2,8.0,6.61,16,0,1,0,10.0
C004,Sehore,Wheat,69,27,42,5,8.0,5.59,14,0,1,0,102.5
C004,Sehore,Mustard,52,19,33,5,5.0,6.7,18,2,0,0,38.4
C004,Sehore,Paddy,75,48,27,4,7.0,7.22,13,6,1,0,73.0
C002,Ludhiana,Gram,55,10,45,3,6.0,7.34,10,1,0,0,95.8
C001,Karnal,Soybean,34,18,16,5,6.0,6.45,8,2,0,0,20.5
C002,Ludhiana,Paddy,31,26,5,6,4.0,5.44,17,1,0,0,2.8
C003,Indore,Mustard,58,22,36,4,4.0,9.17,16,4,0,0,41.1
C004,Sehore,Soybean,84,44,40,2,4.0,8.26,9,6,1,0,96.8
C002,Ludhiana,Maize,39,15,24,2,5.0,7.83,15,6,1,0,72.8
C001,Karnal,Paddy,21,12,9,4,6.0,8.79,15,3,0,0,12.6
C004,Sehore,Mustard,21,10,11,4,8.0,4.13,14,2,0,0,27.8
C005,Nashik,Soybean,59,31,28,3,5.0,9.34,15,6,1,0,57.8
C001,Karnal,Soybean,43,9,34,3,4.0,2.68,13,3,0,0,59.4
C001,Karnal,Soybean,45,8,37,2,5.0,9.82,18,4,0,0,96.6
C005,Nashik,Mustard,23,22,1,4,6.0,9.2,17,1,0,0,1.4
C002,Ludhiana,Gram,75,33,42,6,8.0,7.58,18,3,0,0,62.6
C001,Karnal,Wheat,38,13,25,6,6.0,6.16,16,2,0,0,28.0
C003,Indore,Gram,8,6,2,4,5.0,9.12,16,4,0,0,4.1
C003,Indore,Maize,16,8,8,5,8.0,8.73,12,5,0,0,15.5
C001,Karnal,Soybean,35,34,1,4,8.0,4.71,11,6,1,0,3.3
C005,Nashik,Gram,43,23,20,3,6.0,7.34,17,5,0,0,41.9
C002,Ludhiana,Wheat,55,17,38,4,8.0,8.58,13,3,0,0,100.4
C004,Sehore,Wheat,41,13,28,2,4.0,5.81,15,0,1,0,67.9
C005,Nashik,Gram,59,42,17,6,7.0,5.99,14,3,0,0,28.6
C004,Sehore,Paddy,45,36,9,3,8.0,7.69,10,5,0,0,25.2
C002,Ludhiana,Soybean,51,40,11,5,4.0,4.95,9,4,0,0,8.6
C003,Indore,Gram,48,14,34,4,4.0,2.94,12,2,0,0,46.5
C002,Ludhiana,Paddy,28,24,4,6,7.0,9.11,11,1,0,0,6.3
C001,Karnal,Gram,34,31,3,4,4.0,5.85,12,4,0,0,3.5
C004,Sehore,Soybean,46,37,9,6,5.0,7.09,15,5,0,0,10.0
C003,Indore,Wheat,56,29,27,6,8.0,3.86,14,2,0,0,50.1
C004,Sehore,Maize,61,50,11,4,4.0,2.2,18,6,1,0,13.2
C001,Karnal,Maize,57,44,13,6,4.0,6.33,8,4,0,0,11.2
C005,Nashik,Wheat,18,6,12,2,8.0,4.2,11,1,0,0,62.8
C005,Nashik,Soybean,64,25,39,2,8.0,5.21,8,3,0,0,158.8
C004,Sehore,Paddy,59,25,34,5,4.0,5.06,9,0,1,0,35.5
C003,Indore,Paddy,20,14,6,3,6.0,4.45,14,5,0,0,16.2
C003,Indore,Paddy,49,29,20,2,4.0,2.79,10,3,0,0,41.4
C001,Karnal,Wheat,81,42,39,3,5.0,3.89,16,6,1,0,81.2
C003,Indore,Wheat,67,31,36,4,7.0,2.52,8,3,0,0,69.0
C001,Karnal,Mustard,55,11,44,6,8.0,3.97,16,5,0,0,63.2
C004,Sehore,Soybean,28,14,14,2,8.0,4.99,10,6,1,0,67.9
C005,Nashik,Soybean,74,44,30,2,4.0,4.31,10,0,1,0,74.3
C003,Indore,Gram,68,45,23,4,7.0,3.7,16,2,0,1,35.9
C005,Nashik,Wheat,75,49,26,4,4.0,2.98,10,5,0,0,28.2
C004,Sehore,Paddy,69,48,21,6,8.0,9.56,18,2,0,0,31.4
C003,Indore,Paddy,48,34,14,4,6.0,9.67,13,0,1,0,30.4
C001,Karnal,Gram,49,48,1,5,4.0,3.39,16,5,0,0,2.0
C005,Nashik,Wheat,49,47,2,2,8.0,5.56,9,2,0,0,7.7
C005,Nashik,Mustard,50,5,45,5,5.0,3.0,13,1,0,0,60.5
C001,Karnal,Mustard,50,44,6,4,5.0,7.0,11,1,0,0,12.0
C001,Karnal,Mustard,19,5,14,5,8.0,3.57,18,3,0,0,23.2
C005,Nashik,Soybean,60,47,13,3,8.0,7.91,18,5,0,0,34.9
C005,Nashik,Paddy,58,41,17,2,5.0,8.84,16,5,0,0,43.3
C001,Karnal,Maize,65,48,17,6,8.0,6.48,15,0,1,0,28.7
C001,Karnal,Mustard,30,12,18,5,7.0,7.44,15,3,0,0,28.4
C002,Ludhiana,Wheat,68,33,35,4,7.0,4.53,14,1,0,0,82.3
C001,Karnal,Maize,25,20,5,3,7.0,3.58,13,2,0,0,15.7
C001,Karnal,Soybean,83,45,38,5,4.0,9.48,12,1,0,0,41.5
C003,Indore,Wheat,25,9,16,4,8.0,8.21,17,3,0,0,34.4
C005,Nashik,Wheat,32,29,3,2,4.0,4.51,9,6,1,0,8.9
C004,Sehore,Wheat,73,32,41,4,8.0,2.53,18,0,1,0,98.4
C004,Sehore,Soybean,46,19,27,2,8.0,8.92,18,4,0,1,89.2
C004,Sehore,Gram,68,46,22,6,4.0,9.5,8,3,0,0,17.7
C001,Karnal,Wheat,47,42,5,2,8.0,8.32,11,4,0,0,25.6
C003,Indore,Soybean,45,16,29,5,8.0,3.95,8,0,1,0,57.2
C005,Nashik,Maize,77,39,38,4,6.0,8.2,10,3,0,0,60.9
C003,Indore,Wheat,91,48,43,6,8.0,3.16,11,4,0,0,77.1
C001,Karnal,Soybean,58,45,13,4,5.0,9.27,9,2,0,0,17.7
C004,Sehore,Gram,63,26,37,4,8.0,6.93,14,2,0,0,96.8
C001,Karnal,Soybean,60,19,41,3,4.0,7.55,15,4,0,0,59.5
C003,Indore,Maize,42,16,26,5,5.0,8.61,8,2,0,1,23.4
C005,Nashik,Wheat,46,17,29,3,6.0,7.05,13,0,1,0,85.7
C003,Indore,Paddy,38,26,12,3,6.0,8.78,11,1,0,0,30.1
C003,Indore,Wheat,71,46,25,2,5.0,8.3,9,2,0,0,64.7
C002,Ludhiana,Mustard,78,44,34,4,5.0,9.05,9,0,1,0,54.7
C002,Ludhiana,Paddy,73,28,45,6,7.0,4.54,14,5,0,0,69.2
C005,Nashik,Gram,33,14,19,3,8.0,4.62,8,5,0,0,54.4
C005,Nashik,Gram,41,35,6,5,5.0,8.33,17,0,1,0,7.2
C005,Nashik,Mustard,46,16,30,5,8.0,4.57,13,4,0,0,64.5
C004,Sehore,Soybean,71,45,26,4,8.0,9.37,17,5,0,1,43.6
C002,Ludhiana,Soybean,38,24,14,3,7.0,5.4,14,4,0,0,43.9
C003,Indore,Gram,29,23,6,2,5.0,5.56,13,1,0,0,19.3
C005,Nashik,Mustard,62,32,30,5,7.0,5.27,15,2,0,0,43.7
C004,Sehore,Paddy,33,10,23,4,4.0,4.36,16,4,0,0,24.1
C003,Indore,Paddy,33,28,5,2,4.0,2.31,11,2,0,0,12.4
C003,Indore,Maize,52,13,39,4,5.0,9.99,16,2,0,1,42.9
C003,Indore,Soybean,47,5,42,5,8.0,5.78,16,6,1,0,83.8
C002,Ludhiana,Paddy,53,38,15,3,7.0,6.7,16,6,1,0,43.3
C003,Indore,Wheat,77,49,28,4,5.0,5.34,15,3,0,0,36.5
C002,Ludhiana,Gram,37,36,1,3,6.0,8.48,13,2,0,0,2.3
C004,Sehore,Maize,63,42,21,6,6.0,2.19,8,1,0,0,25.3
C003,Indore,Gram,67,30,37,6,8.0,9.84,11,3,0,0,65.7
C004,Sehore,Wheat,74,45,29,4,8.0,9.16,9,1,0,0,61.7
C001,Karnal,Maize,18,16,2,6,7.0,3.59,14,2,0,0,2.3
C005,Nashik,Wheat,62,38,24,5,4.0,2.09,13,6,1,0,30.0
C001,Karnal,Paddy,40,9,31,6,7.0,5.11,11,1,0,0,48.2
C004,Sehore,Paddy,62,42,20,6,8.0,3.62,18,3,0,0,27.1
C002,Ludhiana,Soybean,59,20,39,2,7.0,6.21,17,3,0,0,141.5
C001,Karnal,Mustard,95,50,45,5,6.0,8.34,14,4,0,0,74.3
C004,Sehore,Paddy,62,34,28,3,8.0,5.08,18,1,0,0,76.4
C001,Karnal,Paddy,80,39,41,3,6.0,4.34,9,5,0,0,88.5
C004,Sehore,Soybean,33,9,24,6,4.0,8.04,16,6,1,0,20.9
C002,Ludhiana,Mustard,37,34,3,3,8.0,2.21,18,5,0,0,8.2
C003,Indore,Maize,33,7,26,5,5.0,2.09,9,5,0,0,28.4
C004,Sehore,Soybean,46,40,6,5,4.0,7.26,15,1,0,0,4.6
C002,Ludhiana,Paddy,23,16,7,2,8.0,4.35,16,5,0,0,27.2
C001,Karnal,Maize,56,27,29,4,5.0,3.42,8,5,0,0,39.5
C001,Karnal,Maize,74,49,25,6,4.0,4.47,8,4,0,1,17.4
C002,Ludhiana,Paddy,23,10,13,4,5.0,2.13,8,0,1,0,19.0
C001,Karnal,Paddy,18,7,11,2,5.0,5.33,9,6,1,0,33.2
C002,Ludhiana,Gram,58,32,26,3,8.0,2.97,11,0,1,0,101.5
C004,Sehore,Maize,43,18,25,4,4.0,5.67,9,5,0,0,28.6
C003,Indore,Wheat,51,24,27,2,5.0,8.14,15,0,1,0,82.0
C005,Nashik,Paddy,64,25,39,4,4.0,9.85,14,5,0,0,54.5
C002,Ludhiana,Mustard,78,35,43,3,6.0,2.54,8,4,0,0,91.0
C005,Nashik,Maize,88,50,38,3,8.0,9.91,11,0,1,0,151.8
C003,Indore,Paddy,50,10,40,5,5.0,2.48,13,3,0,0,53.4
C002,Ludhiana,Maize,72,33,39,2,5.0,7.91,13,1,0,0,127.1
C001,Karnal,Gram,21,19,2,5,6.0,8.78,13,2,0,0,3.4
C002,Ludhiana,Maize,63,38,25,3,8.0,4.57,15,5,0,1,57.8
C001,Karnal,Paddy,27,13,14,2,5.0,2.73,17,4,0,0,38.4
C002,Ludhiana,Gram,54,24,30,2,7.0,3.31,11,1,0,0,135.3
C003,Indore,Mustard,58,17,41,6,7.0,4.17,15,0,1,0,59.4
C004,Sehore,Paddy,65,37,28,5,7.0,6.88,14,6,1,0,61.5
C004,Sehore,Wheat,30,24,6,5,7.0,6.76,10,4,0,0,8.1
C004,Sehore,Mustard,65,40,25,5,6.0,6.85,9,2,0,0,32.9
C002,Ludhiana,Paddy,61,28,33,2,4.0,5.93,14,3,0,0,86.0
C004,Sehore,Mustard,34,7,27,6,4.0,9.94,9,3,0,0,19.9
C004,Sehore,Mustard,77,45,32,4,8.0,7.51,8,5,0,0,67.5
C002,Ludhiana,Paddy,69,45,24,5,4.0,7.65,8,5,0,0,20.7
C005,Nashik,Soybean,59,43,16,3,6.0,6.63,18,6,1,0,37.2
C001,Karnal,Maize,48,10,38,5,7.0,6.15,11,3,0,0,70.8
C003,Indore,Gram,62,24,38,6,7.0,7.87,9,0,1,0,56.7
C003,Indore,Paddy,75,49,26,4,5.0,4.46,10,6,1,0,38.9
C004,Sehore,Gram,43,15,28,5,6.0,3.41,10,5,0,0,36.9
C005,Nashik,Wheat,30,16,14,5,8.0,3.61,10,6,1,0,26.5
C004,Sehore,Soybean,56,15,41,6,4.0,2.64,9,3,0,0,30.5
C001,Karnal,Gram,80,48,32,3,7.0,8.08,8,0,1,0,91.5
C005,Nashik,Wheat,39,5,34,2,5.0,5.01,16,6,1,0,101.8
C003,Indore,Gram,72,48,24,5,6.0,9.12,13,6,1,0,43.7
C004,Sehore,Soybean,49,26,23,6,4.0,8.45,8,3,0,0,17.7
C002,Ludhiana,Wheat,56,22,34,6,4.0,9.61,11,2,0,0,33.2
C004,Sehore,Gram,46,45,1,5,5.0,9.66,13,0,1,0,3.1
C003,Indore,Maize,75,36,39,5,5.0,5.2,17,6,1,0,49.2
C004,Sehore,Maize,62,43,19,2,7.0,3.56,10,6,1,0,79.0
C005,Nashik,Wheat,30,24,6,3,7.0,8.66,16,6,1,0,18.4
C001,Karnal,Soybean,34,18,16,6,5.0,3.36,18,5,0,0,15.0
C001,Karnal,Paddy,37,19,18,4,7.0,7.75,18,3,0,0,34.3
C002,Ludhiana,Gram,71,26,45,5,4.0,8.98,17,6,1,0,45.1
C003,Indore,Soybean,47,19,28,5,8.0,3.79,9,2,0,0,46.5
C005,Nashik,Paddy,37,13,24,2,8.0,8.83,14,4,0,0,122.1
C005,Nashik,Gram,53,25,28,3,7.0,8.17,18,6,1,0,79.1
C005,Nashik,Paddy,40,39,1,2,7.0,8.82,13,1,0,0,3.7
C002,Ludhiana,Soybean,62,23,39,5,5.0,3.17,18,6,1,0,50.3
C005,Nashik,Mustard,57,12,45,4,8.0,4.19,17,3,0,0,94.3
C003,Indore,Maize,36,14,22,5,4.0,8.62,11,6,1,0,29.2
C001,Karnal,Paddy,67,47,20,5,7.0,9.3,10,0,1,0,33.9
C004,Sehore,Mustard,43,38,5,5,7.0,7.81,12,5,0,0,10.2
C005,Nashik,Soybean,63,42,21,2,5.0,8.93,8,6,1,0,62.1
C002,Ludhiana,Gram,80,35,45,3,7.0,4.33,10,1,0,0,111.4
C001,Karnal,Mustard,58,14,44,6,4.0,5.01,14,5,0,0,43.7
C001,Karnal,Mustard,16,12,4,5,5.0,9.84,18,2,0,0,6.4
C004,Sehore,Paddy,46,30,16,2,4.0,5.91,17,1,0,0,33.4
C001,Karnal,Soybean,87,46,41,5,6.0,5.56,8,0,1,0,60.0
C005,Nashik,Paddy,78,41,37,2,8.0,5.84,9,6,1,0,174.2
C004,Sehore,Mustard,32,25,7,6,5.0,2.51,16,1,0,0,7.5
C004,Sehore,Gram,41,9,32,6,8.0,6.15,17,4,0,0,47.7
C001,Karnal,Paddy,88,49,39,2,5.0,3.44,16,3,0,0,100.7
C002,Ludhiana,Gram,46,40,6,3,5.0,4.05,8,0,1,0,12.2
C003,Indore,Gram,48,5,43,3,7.0,3.99,8,4,0,0,104.7
C005,Nashik,Soybean,81,49,32,3,8.0,4.5,13,4,0,0,109.3
C001,Karnal,Maize,20,17,3,2,5.0,3.13,11,1,0,0,8.6
C003,Indore,Mustard,37,9,28,3,8.0,6.4,12,3,0,0,95.3
C004,Sehore,Wheat,59,14,45,4,7.0,6.29,9,5,0,0,86.1
C002,Ludhiana,Maize,89,46,43,4,8.0,8.56,17,1,0,0,89.8
C004,Sehore,Soybean,25,9,16,2,8.0,4.16,16,0,1,0,75.1
C003,Indore,Maize,44,22,22,2,6.0,3.17,11,2,0,1,68.1
C002,Ludhiana,Soybean,50,38,12,2,4.0,7.83,12,4,0,0,31.4
C005,Nashik,Mustard,58,22,36,6,6.0,6.86,8,1,0,0,41.3
C002,Ludhiana,Mustard,69,30,39,6,8.0,5.81,10,2,0,1,46.3
C002,Ludhiana,Maize,66,41,25,3,5.0,7.88,8,5,0,0,44.1
C002,Ludhiana,Maize,46,16,30,6,7.0,5.51,13,6,1,0,53.1
C004,Sehore,Gram,51,10,41,3,6.0,9.58,14,6,1,0,121.2
C001,Karnal,Wheat,52,41,11,3,4.0,2.46,12,4,0,0,20.9
C001,Karnal,Soybean,67,36,31,6,5.0,6.12,18,4,0,0,29.2
C005,Nashik,Paddy,84,39,45,2,7.0,8.0,11,5,0,0,204.0
C005,Nashik,Maize,72,33,39,6,4.0,9.72,18,6,1,0,33.5
C001,Karnal,Mustard,31,8,23,3,8.0,5.38,14,1,0,0,77.9
C002,Ludhiana,Gram,55,35,20,2,6.0,4.35,11,0,1,0,88.9
C002,Ludhiana,Mustard,74,44,30,6,4.0,8.79,8,2,0,1,19.4
C003,Indore,Mustard,39,16,23,2,4.0,5.22,8,0,1,0,54.5
C005,Nashik,Gram,44,36,8,3,7.0,2.06,18,2,0,0,19.2
C003,Indore,Mustard,57,22,35,5,5.0,2.87,15,5,0,0,37.8
C003,Indore,Maize,73,50,23,5,4.0,3.59,11,2,0,1,20.7
C003,Indore,Wheat,78,47,31,3,5.0,9.86,9,3,0,0,55.4
C002,Ludhiana,Mustard,38,13,25,5,8.0,2.88,9,6,1,0,47.6
C005,Nashik,Wheat,70,26,44,3,4.0,5.44,17,5,0,1,52.1
C003,Indore,Soybean,60,44,16,2,7.0,3.22,16,1,0,0,59.0
C003,Indore,Maize,48,35,13,3,7.0,7.65,9,5,0,0,32.3
C002,Ludhiana,Gram,21,13,8,3,5.0,5.21,12,1,0,0,17.3
C005,Nashik,Paddy,56,31,25,2,4.0,6.2,18,1,0,0,52.7
C001,Karnal,Gram,32,12,20,5,4.0,4.15,12,2,0,0,21.4
C001,Karnal,Paddy,51,47,4,2,4.0,7.96,11,2,0,0,12.1
C001,Karnal,Soybean,60,28,32,3,6.0,4.67,9,0,1,0,78.2
C002,Ludhiana,Mustard,76,38,38,4,6.0,6.84,11,5,0,0,76.1
C001,Karnal,Wheat,15,7,8,3,8.0,6.69,18,6,1,0,26.3
C001,Karnal,Wheat,46,24,22,6,8.0,7.8,11,4,0,0,37.5
C002,Ludhiana,Soybean,63,27,36,6,6.0,9.16,15,5,0,0,42.0
C001,Karnal,Soybean,39,6,33,5,8.0,3.34,12,5,0,0,69.1
C005,Nashik,Wheat,80,48,32,3,7.0,6.26,16,0,1,0,90.7
C004,Sehore,Gram,61,22,39,5,7.0,3.66,8,1,0,0,59.6
C001,Karnal,Gram,55,21,34,5,8.0,4.43,11,2,0,0,72.3
C002,Ludhiana,Paddy,39,23,16,2,8.0,2.31,10,2,0,0,65.0
C001,Karnal,Maize,47,12,35,3,5.0,2.01,13,5,0,0,76.6
C001,Karnal,Maize,40,31,9,6,6.0,9.19,12,2,0,0,12.8
C001,Karnal,Mustard,33,21,12,3,6.0,9.77,16,5,0,0,26.6
C005,Nashik,Wheat,86,45,41,5,6.0,6.83,11,6,1,0,74.9
C002,Ludhiana,Gram,48,19,29,5,5.0,7.84,14,2,0,0,39.6
C004,Sehore,Paddy,29,17,12,5,5.0,6.56,10,5,0,0,12.7
C002,Ludhiana,Soybean,19,14,5,6,5.0,2.58,11,3,0,0,7.7
C001,Karnal,Maize,44,43,1,6,5.0,2.8,14,0,1,0,1
C001,Karnal,Paddy,32,14,18,3,4.0,9.51,17,0,1,0,27.8
C001,Karnal,Gram,26,13,13,4,4.0,5.84,17,3,0,0,13.8
C004,Sehore,Paddy,84,49,35,3,4.0,4.14,16,0,1,0,56.0
C005,Nashik,Mustard,41,14,27,2,8.0,2.01,11,0,1,0,158.0
C003,Indore,Maize,73,29,44,4,5.0,7.49,9,3,0,0,58.7
C001,Karnal,Mustard,66,26,40,4,4.0,2.95,9,0,1,0,49.5
C005,Nashik,Mustard,76,32,44,6,5.0,3.2,18,5,0,0,43.2
C003,Indore,Wheat,71,28,43,4,7.0,9.46,9,6,1,0,93.4
C002,Ludhiana,Maize,39,29,10,3,6.0,5.57,15,6,1,0,24.5
C003,Indore,Paddy,25,16,9,2,6.0,8.14,13,2,0,0,34.8
C004,Sehore,Gram,62,20,42,4,5.0,5.07,16,3,0,0,57.5
C005,Nashik,Paddy,88,50,38,5,4.0,5.37,17,6,1,0,40.5
C001,Karnal,Paddy,20,6,14,4,4.0,4.9,15,1,0,0,13.9
C003,Indore,Mustard,44,14,30,3,6.0,8.68,16,3,0,0,64.9
C001,Karnal,Maize,95,50,45,3,4.0,3.14,8,5,0,0,64.9
C001,Karnal,Maize,74,43,31,6,4.0,8.96,8,1,0,0,22.7
C001,Karnal,Wheat,26,16,10,6,7.0,5.76,10,5,0,0,14.7
C004,Sehore,Soybean,91,49,42,4,7.0,2.11,9,1,0,0,79.1
C005,Nashik,Paddy,31,30,1,6,5.0,8.66,18,3,0,0,2.3
C005,Nashik,Gram,43,15,28,4,5.0,4.17,9,4,0,0,40.2
C002,Ludhiana,Soybean,45,30,15,6,4.0,3.47,16,4,0,0,13.1
C004,Sehore,Soybean,40,15,25,4,7.0,2.44,13,5,0,0,56.8
C001,Karnal,Wheat,28,6,22,4,8.0,3.92,10,4,0,0,45.5
C001,Karnal,Mustard,58,45,13,3,8.0,9.43,11,2,0,0,45.2
C001,Karnal,Gram,29,25,4,5,4.0,2.75,12,0,1,0,6.1
C004,Sehore,Gram,53,27,26,3,6.0,9.79,18,0,1,0,64.5
C005,Nashik,Wheat,44,42,2,6,5.0,8.37,15,4,0,0,1
C002,Ludhiana,Paddy,51,10,41,5,4.0,9.62,11,1,0,0,46.5
C002,Ludhiana,Gram,80,38,42,6,8.0,9.44,13,3,0,0,74.4
C003,Indore,Gram,73,29,44,5,4.0,3.91,17,4,0,0,39.1
C004,Sehore,Wheat,60,40,20,2,5.0,8.94,9,3,0,0,51.7
C003,Indore,Paddy,65,28,37,2,6.0,4.83,9,1,0,0,115.3
C004,Sehore,Mustard,49,41,8,5,5.0,5.91,13,6,1,0,12.1
C005,Nashik,Maize,61,37,24,3,7.0,8.76,13,2,0,0,72.5
C004,Sehore,Mustard,50,8,42,2,8.0,7.93,11,5,0,0,213.1
C001,Karnal,Mustard,67,30,37,5,5.0,8.83,11,3,0,0,51.4
C003,Indore,Soybean,41,11,30,5,8.0,2.69,9,3,0,0,50.4
C003,Indore,Wheat,75,36,39,4,6.0,3.7,15,0,1,0,70.1
C002,Ludhiana,Soybean,62,41,21,3,5.0,2.25,17,6,1,0,44.5
C003,Indore,Soybean,22,18,4,5,5.0,8.94,18,3,0,0,5.0
C001,Karnal,Paddy,36,10,26,2,6.0,4.39,15,6,1,0,91.7
C003,Indore,Paddy,54,26,28,2,4.0,9.71,12,1,0,0,75.1
C004,Sehore,Soybean,77,32,45,6,5.0,4.84,17,3,0,0,43.1
C005,Nashik,Paddy,54,14,40,2,8.0,4.59,13,0,1,0,234.6
C002,Ludhiana,Soybean,75,31,44,4,4.0,4.1,8,3,0,0,50.7
C004,Sehore,Maize,21,18,3,6,4.0,7.97,11,3,0,0,4.0
C005,Nashik,Soybean,31,17,14,3,6.0,9.77,17,0,1,0,33.3
C003,Indore,Mustard,81,36,45,6,4.0,7.19,15,3,0,0,34.8
C005,Nashik,Soybean,24,16,8,6,6.0,5.67,13,1,0,0,9.6
C004,Sehore,Soybean,64,23,41,4,7.0,7.62,9,0,1,0,85.8
C001,Karnal,Gram,76,44,32,5,4.0,9.42,9,5,0,0,29.8
C001,Karnal,Maize,33,19,14,4,7.0,8.22,16,3,0,0,27.6
C001,Karnal,Mustard,92,50,42,5,7.0,8.28,14,0,1,0,90.7
C005,Nashik,Mustard,51,31,20,4,6.0,7.39,8,3,0,1,24.5
C003,Indore,Gram,37,15,22,6,6.0,9.67,14,1,0,0,29.7
C005,Nashik,Maize,69,32,37,5,4.0,3.03,18,3,0,0,32.7
C003,Indore,Gram,26,11,15,3,7.0,7.68,10,4,0,0,37.1
C004,Sehore,Maize,36,25,11,4,8.0,3.63,9,0,1,0,27.1
C005,Nashik,Paddy,45,10,35,2,8.0,6.57,8,5,0,0,146.1
C003,Indore,Paddy,37,17,20,3,5.0,6.28,11,5,0,0,45.2
C003,Indore,Maize,20,14,6,2,6.0,7.02,18,4,0,0,17.2
C005,Nashik,Wheat,40,21,19,2,5.0,9.16,9,0,1,0,56.4
C002,Ludhiana,Soybean,33,31,2,2,7.0,2.59,18,0,1,0,8.0
C003,Indore,Maize,36,24,12,5,5.0,2.08,10,5,0,0,13.9
C001,Karnal,Wheat,75,44,31,4,6.0,6.8,8,1,0,0,49.2
C001,Karnal,Paddy,41,6,35,6,4.0,6.14,10,1,0,0,26.0
C002,Ludhiana,Wheat,25,10,15,4,5.0,7.82,10,2,0,0,19.3
C001,Karnal,Mustard,66,36,30,6,6.0,5.49,14,1,0,0,39.9
C003,Indore,Soybean,62,24,38,2,8.0,3.33,11,5,0,0,196.1
C004,Sehore,Gram,51,11,40,4,6.0,6.86,14,1,0,0,79.3
C001,Karnal,Soybean,54,21,33,3,4.0,6.69,12,4,0,0,59.5
C005,Nashik,Mustard,24,16,8,5,4.0,8.47,14,6,1,0,9.1
C002,Ludhiana,Maize,35,25,10,4,6.0,2.98,13,5,0,1,15.5
C004,Sehore,Gram,45,9,36,4,5.0,5.08,17,1,0,0,47.7
C003,Indore,Maize,83,46,37,6,4.0,5.37,14,2,0,0,34.1
C001,Karnal,Soybean,49,31,18,5,4.0,2.95,15,1,0,0,16.9
C002,Ludhiana,Gram,48,46,2,2,6.0,8.27,17,0,1,0,6.3
C004,Sehore,Wheat,29,26,3,6,8.0,7.16,9,3,0,0,5.6
C003,Indore,Mustard,36,10,26,4,6.0,6.45,13,3,0,0,51.4
C004,Sehore,Soybean,51,11,40,2,6.0,2.23,8,6,1,0,141.2
C003,Indore,Maize,21,10,11,5,5.0,3.53,13,6,1,0,19.1
C001,Karnal,Mustard,28,24,4,2,4.0,2.6,13,5,0,0,11.7
C003,Indore,Maize,72,34,38,3,5.0,2.96,13,6,1,0,95.9
C004,Sehore,Maize,72,38,34,5,4.0,3.92,15,5,0,0,30.4
C004,Sehore,Paddy,69,50,19,2,6.0,2.66,16,6,1,0,68.5
C002,Ludhiana,Maize,40,8,32,2,4.0,3.7,18,1,0,0,67.4
C004,Sehore,Wheat,76,38,38,4,5.0,6.11,13,6,1,0,73.7
C002,Ludhiana,Gram,43,28,15,2,5.0,5.08,15,6,1,0,43.7
C004,Sehore,Paddy,43,15,28,2,6.0,7.49,17,5,0,0,87.2
C001,Karnal,Maize,36,34,2,2,5.0,3.5,8,3,0,0,5.1
C003,Indore,Wheat,55,32,23,6,4.0,3.7,14,4,0,0,21.3
C004,Sehore,Mustard,50,46,4,4,4.0,5.06,14,1,0,0,5.1
C005,Nashik,Mustard,70,38,32,6,8.0,5.47,18,0,1,0,54.7
C002,Ludhiana,Wheat,59,22,37,2,4.0,3.91,16,0,1,0,91.1
C004,Sehore,Soybean,64,49,15,5,4.0,4.15,11,1,0,0,16.2
C003,Indore,Maize,12,11,1,6,6.0,3.48,17,3,0,0,2.5
C002,Ludhiana,Paddy,27,16,11,4,4.0,4.66,15,1,0,0,13.0
C004,Sehore,Mustard,26,9,17,2,5.0,3.37,8,4,0,0,44.4
C001,Karnal,Soybean,15,7,8,3,7.0,8.55,17,5,0,0,21.0
C005,Nashik,Gram,18,11,7,3,5.0,4.44,13,3,0,0,14.8
C005,Nashik,Mustard,58,34,24,5,6.0,2.11,13,2,0,0,40.4
C005,Nashik,Soybean,82,38,44,2,6.0,7.83,8,1,0,0,138.7
C002,Ludhiana,Mustard,57,41,16,5,4.0,7.93,14,2,0,0,16.3
C004,Sehore,Maize,89,48,41,2,6.0,6.36,15,4,0,0,129.6
C003,Indore,Mustard,49,22,27,5,8.0,4.47,8,4,0,0,45.8
C005,Nashik,Wheat,64,27,37,5,7.0,4.31,8,3,0,0,54.8
C002,Ludhiana,Gram,83,47,36,4,8.0,3.3,15,2,0,0,75.5
C004,Sehore,Wheat,50,12,38,3,6.0,2.43,12,0,1,0,114.5
C001,Karnal,Wheat,46,23,23,4,5.0,8.28,16,5,0,0,31.8
C001,Karnal,Maize,45,32,13,4,5.0,6.68,9,2,0,0,17.7
C003,Indore,Paddy,37,11,26,5,7.0,9.14,12,4,0,0,48.9
C003,Indore,Gram,30,13,17,3,5.0,5.33,11,2,0,0,36.6
C004,Sehore,Gram,39,11,28,3,7.0,3.11,15,5,0,0,70.4
C003,Indore,Soybean,61,31,30,4,7.0,9.69,15,0,1,0,62.1
C004,Sehore,Wheat,40,20,20,3,8.0,6.64,13,1,0,0,70.7
C003,Indore,Wheat,73,47,26,5,5.0,2.05,16,3,0,0,27.5
C003,Indore,Maize,50,11,39,2,6.0,8.58,17,3,0,0,123.1
C001,Karnal,Maize,53,49,4,6,8.0,3.64,10,4,0,0,5.8
C002,Ludhiana,Maize,65,24,41,3,6.0,7.75,8,6,1,0,100.0
C001,Karnal,Wheat,51,12,39,2,5.0,6.16,11,1,0,0,124.7
C005,Nashik,Soybean,32,24,8,5,4.0,5.24,10,6,1,0,9.7
C003,Indore,Gram,40,32,8,5,8.0,3.17,8,1,0,0,14.7
C002,Ludhiana,Paddy,48,35,13,6,8.0,5.84,12,5,0,0,23.6
C003,Indore,Maize,74,49,25,4,7.0,8.4,15,3,0,0,45.3
C003,Indore,Soybean,30,5,25,2,8.0,6.64,8,5,0,0,103.6
C004,Sehore,Wheat,64,34,30,4,5.0,4.22,10,2,0,0,42.5
C002,Ludhiana,Mustard,42,9,33,6,7.0,3.4,10,2,0,0,42.7
C004,Sehore,Maize,67,24,43,3,6.0,9.39,9,6,1,0,103.6
C004,Sehore,Gram,80,47,33,3,8.0,6.2,10,5,0,0,93.8
C003,Indore,Gram,12,7,5,6,7.0,2.24,10,1,0,0,4.9
C004,Sehore,Mustard,23,16,7,3,5.0,7.83,14,6,1,0,19.3
C001,Karnal,Gram,12,9,3,4,4.0,5.53,13,4,0,0,2.2
C002,Ludhiana,Mustard,38,13,25,2,7.0,9.91,17,4,0,0,89.5
C004,Sehore,Maize,28,15,13,4,5.0,5.47,16,6,1,0,18.6
C001,Karnal,Maize,16,13,3,2,5.0,9.15,13,6,1,0,11.3
C001,Karnal,Mustard,49,17,32,3,8.0,8.66,17,6,1,0,101.4
C005,Nashik,Gram,61,32,29,3,4.0,7.0,9,4,0,0,43.3
C003,Indore,Wheat,23,8,15,2,7.0,6.81,13,0,1,0,79.0
C003,Indore,Soybean,34,23,11,4,4.0,2.6,17,1,0,0,14.0
C005,Nashik,Mustard,43,39,4,5,8.0,7.58,9,4,0,0,8.5
C003,Indore,Maize,53,31,22,2,4.0,4.09,13,6,1,0,64.7
C003,Indore,Maize,41,9,32,2,5.0,8.45,17,4,0,0,84.9
C001,Karnal,Mustard,83,44,39,2,7.0,9.43,16,3,0,0,140.3
C001,Karnal,Wheat,52,19,33,2,7.0,7.2,14,3,0,0,149.7
C002,Ludhiana,Wheat,52,39,13,2,4.0,6.87,14,5,0,0,32.1
C004,Sehore,Wheat,58,13,45,5,7.0,5.44,14,4,0,0,83.9
C005,Nashik,Mustard,54,32,22,4,5.0,9.34,11,1,0,0,35.1
C004,Sehore,Maize,8,5,3,6,8.0,8.99,11,6,1,0,4.3
C004,Sehore,Paddy,48,27,21,4,4.0,6.82,11,2,0,0,28.4
C001,Karnal,Maize,56,39,17,2,4.0,3.65,13,6,1,0,51.8
C003,Indore,Gram,56,22,34,4,5.0,4.55,16,4,0,0,46.0
C004,Sehore,Maize,28,10,18,6,7.0,3.63,10,6,1,0,25.2
C005,Nashik,Paddy,17,7,10,2,6.0,9.82,15,5,0,0,33.0
C001,Karnal,Soybean,60,42,18,2,6.0,5.07,9,0,1,0,64.7
C004,Sehore,Wheat,36,7,29,5,7.0,3.8,14,1,0,0,54.4
C003,Indore,Wheat,45,43,2,6,6.0,8.04,13,6,1,0,4.4
C005,Nashik,Paddy,72,32,40,2,6.0,8.93,8,6,1,0,142.4
C003,Indore,Gram,78,41,37,5,7.0,8.15,12,1,0,0,69.1
C002,Ludhiana,Paddy,66,22,44,2,6.0,2.68,11,6,1,0,194.4
C004,Sehore,Wheat,46,22,24,6,6.0,7.27,18,6,1,0,28.5
C003,Indore,Gram,45,33,12,4,6.0,5.7,15,0,1,0,24.0
C004,Sehore,Maize,35,8,27,6,5.0,6.64,9,2,0,0,25.9
C001,Karnal,Soybean,39,21,18,3,6.0,8.95,10,1,0,0,36.7
C005,Nashik,Maize,54,46,8,2,5.0,2.31,18,4,0,0,21.3
C001,Karnal,Gram,38,21,17,3,4.0,2.13,13,4,0,0,30.8
C003,Indore,Wheat,41,12,29,2,8.0,6.09,11,1,0,0,148.0
C004,Sehore,Wheat,16,6,10,5,6.0,4.61,13,2,0,0,17.8
C003,Indore,Soybean,17,15,2,4,8.0,4.95,12,1,0,0,3.3
C005,Nashik,Paddy,75,42,33,4,8.0,7.7,11,3,0,0,84.6
C002,Ludhiana,Soybean,56,41,15,2,4.0,6.03,17,5,0,0,31.5
C001,Karnal,Gram,78,47,31,2,8.0,6.2,15,2,0,0,129.1
C003,Indore,Paddy,43,19,24,4,5.0,5.65,9,5,0,0,33.8
C004,Sehore,Mustard,73,37,36,2,6.0,2.61,13,5,0,0,138.2
C004,Sehore,Paddy,55,20,35,6,5.0,8.21,14,5,0,0,39.2
C003,Indore,Mustard,18,10,8,4,6.0,5.27,16,1,0,0,13.5
C002,Ludhiana,Paddy,23,12,11,5,4.0,5.35,16,5,0,0,11.1
C002,Ludhiana,Wheat,60,15,45,5,4.0,9.92,10,4,0,0,43.1
C004,Sehore,Mustard,85,40,45,3,7.0,3.93,12,0,1,0,157.6
C003,Indore,Gram,14,7,7,6,8.0,2.59,13,3,0,0,13.0
C004,Sehore,Mustard,54,42,12,5,5.0,9.33,16,0,1,0,13.3
C005,Nashik,Mustard,54,33,21,5,7.0,3.41,17,2,0,0,30.3
C003,Indore,Soybean,75,38,37,4,4.0,9.18,17,4,0,0,41.1
C003,Indore,Soybean,17,7,10,4,5.0,8.51,11,3,0,0,17.1
C005,Nashik,Mustard,34,15,19,2,6.0,2.95,12,3,0,0,75.1
C003,Indore,Mustard,62,47,15,6,4.0,4.23,9,1,0,0,11.8
C002,Ludhiana,Wheat,74,39,35,6,4.0,8.39,8,3,0,0,25.6
C002,Ludhiana,Mustard,67,38,29,6,7.0,3.01,15,2,0,0,38.2
C001,Karnal,Soybean,27,10,17,5,7.0,8.92,12,5,0,0,33.7
C001,Karnal,Maize,36,15,21,3,4.0,6.06,12,3,0,0,37.6
C001,Karnal,Maize,39,11,28,4,4.0,9.46,16,2,0,0,31.6
C001,Karnal,Maize,51,42,9,2,5.0,5.01,11,5,0,0,29.1
C004,Sehore,Paddy,26,17,9,5,6.0,7.08,9,4,0,0,12.9
C001,Karnal,Soybean,80,44,36,2,7.0,3.67,10,0,1,0,148.3
C004,Sehore,Maize,68,27,41,6,5.0,5.87,18,1,0,0,40.4
C003,Indore,Maize,71,30,41,5,7.0,6.78,16,3,0,0,61.2
C003,Indore,Soybean,63,47,16,5,6.0,5.4,10,3,0,0,21.8
C003,Indore,Maize,67,36,31,5,5.0,6.81,18,1,0,1,27.6
C002,Ludhiana,Soybean,42,21,21,2,8.0,7.4,14,3,0,0,107.2
C003,Indore,Wheat,41,26,15,4,7.0,7.09,8,2,0,0,26.9
C002,Ludhiana,Gram,84,44,40,3,4.0,4.64,17,4,0,1,48.4
C004,Sehore,Wheat,45,9,36,4,6.0,7.24,16,1,0,0,57.1
C002,Ludhiana,Gram,34,15,19,5,5.0,9.29,13,3,0,0,27.0
C001,Karnal,Wheat,44,37,7,2,8.0,5.18,15,0,1,0,32.2
C002,Ludhiana,Maize,30,12,18,3,4.0,8.5,14,5,0,0,33.4
C003,Indore,Wheat,83,50,33,2,4.0,8.1,14,0,1,0,100.2
C005,Nashik,Paddy,43,17,26,2,8.0,8.65,12,6,1,0,152.7
C001,Karnal,Mustard,24,11,13,4,7.0,4.11,18,4,0,0,23.5
C001,Karnal,Paddy,53,35,18,5,8.0,4.28,16,4,0,0,29.0
C004,Sehore,Maize,85,50,35,5,6.0,2.87,11,4,0,0,56.3
C002,Ludhiana,Soybean,48,11,37,4,7.0,7.14,13,1,0,0,87.3
C001,Karnal,Gram,74,42,32,3,5.0,4.0,10,3,0,0,57.1
C005,Nashik,Paddy,48,31,17,2,7.0,4.49,13,6,1,0,86.9
C005,Nashik,Gram,67,49,18,5,4.0,3.67,16,6,1,0,18.7
C002,Ludhiana,Mustard,73,40,33,5,7.0,8.87,9,0,1,0,55.4
C002,Ludhiana,Wheat,23,15,8,3,8.0,3.58,9,0,1,0,25.5
C005,Nashik,Soybean,57,30,27,3,8.0,2.07,9,3,0,0,76.1
C003,Indore,Gram,65,41,24,4,8.0,7.2,10,2,0,0,49.7
C005,Nashik,Maize,60,21,39,4,8.0,5.78,11,2,0,0,103.1
C002,Ludhiana,Paddy,26,25,1,6,7.0,5.33,10,3,0,0,3.2
C003,Indore,Maize,56,11,45,3,5.0,6.3,13,0,1,0,113.1
C002,Ludhiana,Wheat,42,27,15,4,8.0,7.03,11,2,0,0,40.9
C004,Sehore,Gram,70,30,40,4,6.0,9.47,16,4,0,0,63.6
C005,Nashik,Paddy,34,16,18,2,5.0,4.1,9,1,0,0,47.5
C004,Sehore,Mustard,61,22,39,6,8.0,9.73,17,5,0,0,55.5
C001,Karnal,Paddy,54,14,40,3,4.0,3.15,15,6,1,0,64.4
C001,Karnal,Paddy,75,47,28,6,7.0,5.77,12,4,0,0,43.2
C004,Sehore,Soybean,47,24,23,5,7.0,8.71,13,4,0,0,43.4
C002,Ludhiana,Paddy,68,40,28,4,5.0,5.53,12,5,0,0,48.7
C003,Indore,Paddy,77,47,30,2,6.0,4.77,14,1,0,0,117.6
C002,Ludhiana,Soybean,18,17,1,4,5.0,5.54,16,1,0,1,1
C001,Karnal,Mustard,44,43,1,4,8.0,4.18,18,2,0,0,1.7
C003,Indore,Mustard,52,50,2,2,8.0,9.42,17,5,0,0,6.9
C005,Nashik,Wheat,46,44,2,2,6.0,9.15,10,5,0,0,7.7
C002,Ludhiana,Wheat,37,33,4,5,4.0,7.1,8,2,0,0,3.9
C002,Ludhiana,Maize,70,48,22,6,4.0,8.79,13,5,0,0,22.9
C003,Indore,Gram,74,47,27,2,7.0,7.36,9,1,0,0,97.7
C003,Indore,Wheat,25,22,3,3,7.0,6.87,16,3,0,0,8.3
C001,Karnal,Mustard,35,12,23,4,8.0,4.73,17,6,1,0,55.9
C004,Sehore,Wheat,22,10,12,2,4.0,3.49,17,5,0,0,26.5
C001,Karnal,Paddy,26,20,6,4,7.0,4.46,18,5,0,0,12.7
C002,Ludhiana,Mustard,35,16,19,2,7.0,4.23,17,2,0,0,70.1
C003,Indore,Paddy,66,49,17,3,6.0,5.52,9,3,0,0,35.5
C005,Nashik,Soybean,67,29,38,3,4.0,3.25,17,1,0,0,55.0
C003,Indore,Paddy,58,22,36,4,8.0,2.73,11,2,0,0,93.4
C001,Karnal,Gram,43,34,9,3,7.0,6.69,13,4,0,0,27.7
C001,Karnal,Mustard,16,15,1,2,6.0,5.37,13,2,0,0,2.3
C003,Indore,Mustard,51,16,35,3,7.0,8.02,15,6,1,0,98.5
C004,Sehore,Maize,37,21,16,5,7.0,7.79,17,2,0,0,23.9
C001,Karnal,Paddy,59,32,27,6,4.0,8.19,17,3,0,0,19.9
C002,Ludhiana,Mustard,54,41,13,6,8.0,8.01,10,5,0,0,20.7
C001,Karnal,Mustard,60,30,30,3,6.0,3.32,8,5,0,0,65.1
C003,Indore,Mustard,34,18,16,2,5.0,5.49,11,1,0,0,53.3
C003,Indore,Wheat,34,11,23,5,5.0,5.77,18,3,0,0,27.4
C004,Sehore,Soybean,38,13,25,3,4.0,4.55,10,3,0,0,37.9
C004,Sehore,Gram,32,27,5,5,8.0,5.91,17,0,1,0,10.2
C002,Ludhiana,Mustard,38,5,33,4,6.0,6.88,14,0,1,0,73.7
C002,Ludhiana,Wheat,38,10,28,3,6.0,4.72,18,1,0,0,58.5
C004,Sehore,Maize,48,31,17,5,4.0,3.44,14,5,0,0,17.5
C001,Karnal,Mustard,16,15,1,2,7.0,4.55,17,4,0,0,3.4
C004,Sehore,Maize,28,24,4,5,7.0,5.4,18,0,1,0,8.1
C004,Sehore,Gram,61,39,22,4,7.0,9.77,9,6,1,0,46.6
C004,Sehore,Maize,27,26,1,2,5.0,9.59,17,2,0,0,3.9
C004,Sehore,Soybean,26,7,19,2,7.0,2.97,15,3,0,0,70.3
C003,Indore,Mustard,67,23,44,5,6.0,8.13,8,4,0,0,57.3
C004,Sehore,Wheat,65,45,20,5,6.0,2.28,9,2,0,0,26.5
C004,Sehore,Paddy,46,11,35,3,4.0,3.01,10,5,0,0,52.4
C003,Indore,Soybean,75,41,34,6,5.0,5.67,9,2,0,0,31.0
C001,Karnal,Soybean,67,45,22,6,4.0,7.99,14,3,0,1,19.1
C003,Indore,Maize,25,17,8,2,7.0,6.57,12,4,0,0,37.4
C002,Ludhiana,Maize,72,35,37,2,6.0,3.72,14,2,0,0,144.3
C003,Indore,Gram,42,16,26,2,8.0,7.43,12,0,1,0,150.7
C004,Sehore,Maize,52,34,18,3,6.0,6.79,18,2,0,0,37.1
C003,Indore,Paddy,69,50,19,2,8.0,6.87,15,4,0,0,78.7
C005,Nashik,Soybean,27,26,1,5,8.0,4.72,13,6,1,0,2.3
C004,Sehore,Paddy,73,29,44,6,5.0,4.05,8,5,0,0,43.8
C004,Sehore,Gram,52,38,14,4,4.0,4.95,12,6,1,0,22.5
C001,Karnal,Paddy,55,44,11,6,8.0,4.81,14,3,0,0,17.7
C003,Indore,Gram,64,39,25,5,5.0,3.05,17,6,1,0,31.3
C002,Ludhiana,Wheat,27,15,12,6,6.0,8.13,14,4,0,0,17.4
C004,Sehore,Gram,69,45,24,4,6.0,2.85,18,5,0,0,38.2
C005,Nashik,Gram,62,36,26,5,5.0,8.05,12,6,1,0,39.1
C002,Ludhiana,Soybean,61,26,35,4,4.0,8.1,18,1,0,0,37.6
C005,Nashik,Maize,44,17,27,5,7.0,7.09,17,1,0,0,41.5
C001,Karnal,Gram,27,25,2,6,7.0,6.88,10,4,0,0,3.3
C003,Indore,Wheat,73,37,36,6,7.0,8.91,10,3,0,0,47.8
C002,Ludhiana,Soybean,32,23,9,3,6.0,2.52,8,1,0,0,18.9
C005,Nashik,Soybean,67,37,30,3,5.0,7.13,17,6,1,0,62.8
C002,Ludhiana,Paddy,8,7,1,5,4.0,7.46,14,6,1,0,1.2
C004,Sehore,Wheat,47,12,35,5,6.0,7.73,17,5,0,0,47.1
C004,Sehore,Soybean,33,7,26,2,6.0,4.91,16,5,0,0,80.8
C001,Karnal,Wheat,50,12,38,3,6.0,7.78,13,3,0,0,98.1
C002,Ludhiana,Soybean,33,26,7,3,6.0,7.14,9,3,0,0,14.8
C002,Ludhiana,Mustard,78,33,45,4,6.0,4.65,15,5,0,0,72.0
C001,Karnal,Paddy,25,6,19,3,8.0,3.77,13,4,0,0,64.8
C002,Ludhiana,Gram,77,48,29,4,7.0,4.36,10,1,0,0,55.7
C003,Indore,Maize,56,42,14,3,4.0,4.42,17,0,1,0,24.0
C005,Nashik,Soybean,38,27,11,5,8.0,7.15,17,6,1,0,21.7
C004,Sehore,Soybean,47,16,31,3,8.0,5.87,14,0,1,0,120.8
C002,Ludhiana,Mustard,32,22,10,3,5.0,6.87,9,5,0,0,17.9
C005,Nashik,Maize,32,17,15,2,8.0,4.91,8,3,0,0,63.6
C005,Nashik,Wheat,74,39,35,4,8.0,8.98,8,3,0,0,73.2
C003,Indore,Maize,64,49,15,3,5.0,7.74,10,0,1,0,29.6
C003,Indore,Wheat,47,38,9,3,4.0,4.42,11,1,0,0,17.1
C004,Sehore,Soybean,29,25,4,2,8.0,8.32,9,1,0,0,16.2
C004,Sehore,Paddy,56,18,38,2,8.0,6.79,12,4,0,1,156.3
C001,Karnal,Maize,83,45,38,5,5.0,6.92,15,0,1,0,47.9
C003,Indore,Soybean,68,35,33,3,6.0,6.11,18,2,0,0,70.1
C003,Indore,Mustard,65,45,20,6,8.0,5.52,10,3,0,1,25.3
C005,Nashik,Soybean,21,9,12,5,5.0,8.08,18,2,0,0,14.9
C003,Indore,Maize,24,11,13,6,5.0,8.1,11,2,0,0,14.4
C005,Nashik,Soybean,58,18,40,2,6.0,6.57,10,2,0,0,125.9
C002,Ludhiana,Paddy,59,38,21,6,5.0,9.85,18,4,0,0,21.1
C003,Indore,Paddy,48,28,20,4,7.0,3.16,13,5,0,0,47.1
C004,Sehore,Mustard,57,31,26,5,8.0,2.05,14,0,1,0,62.3
C002,Ludhiana,Soybean,31,18,13,4,4.0,7.3,12,2,0,0,15.9
C004,Sehore,Soybean,53,17,36,4,8.0,8.38,17,4,0,0,75.4
C001,Karnal,Paddy,73,42,31,3,6.0,5.76,8,6,1,0,75.8
C004,Sehore,Paddy,67,29,38,4,8.0,2.47,8,5,0,0,80.7
C004,Sehore,Mustard,18,9,9,2,7.0,4.6,14,6,1,0,45.0
C003,Indore,Gram,39,33,6,3,8.0,3.96,17,4,0,0,15.8
C005,Nashik,Mustard,54,49,5,2,5.0,7.69,13,6,1,0,19.7
C002,Ludhiana,Paddy,49,34,15,4,7.0,4.9,11,5,0,0,33.6
C005,Nashik,Maize,54,46,8,2,5.0,5.29,14,6,1,0,27.9
C005,Nashik,Wheat,43,41,2,6,6.0,5.5,8,4,0,0,1.5
C005,Nashik,Soybean,67,45,22,4,8.0,2.54,9,4,0,0,46.9
C001,Karnal,Gram,47,41,6,3,8.0,9.38,17,5,0,0,17.7
C004,Sehore,Mustard,56,46,10,5,7.0,4.64,10,5,0,0,15.0
C004,Sehore,Wheat,24,5,19,5,8.0,6.99,14,0,1,0,45.3
C002,Ludhiana,Mustard,69,25,44,3,8.0,6.26,18,5,0,0,123.9
C003,Indore,Maize,27,14,13,6,5.0,3.65,10,0,1,0,14.4
C001,Karnal,Paddy,30,25,5,6,6.0,8.96,11,5,0,0,6.1
C004,Sehore,Mustard,29,6,23,3,5.0,3.1,15,0,1,0,46.3
C004,Sehore,Maize,37,33,4,3,7.0,5.51,11,1,0,0,12.5
C001,Karnal,Wheat,76,38,38,3,8.0,2.97,11,0,1,0,151.2
C003,Indore,Maize,31,18,13,4,7.0,9.88,16,2,0,0,24.3
C004,Sehore,Wheat,57,30,27,2,7.0,9.69,9,2,0,0,97.0
C001,Karnal,Soybean,55,10,45,4,5.0,7.2,14,3,0,1,63.5
C003,Indore,Wheat,53,41,12,3,5.0,2.07,16,1,0,0,21.3
C001,Karnal,Wheat,66,23,43,6,5.0,4.97,14,6,1,0,55.4
C005,Nashik,Paddy,23,15,8,3,6.0,2.24,11,2,0,0,20.5
C003,Indore,Gram,28,26,2,4,4.0,2.23,15,0,1,0,1.1
C004,Sehore,Wheat,77,38,39,6,7.0,3.36,9,0,1,0,55.9
C004,Sehore,Wheat,61,31,30,2,7.0,8.85,16,3,0,0,109.0
C001,Karnal,Mustard,30,13,17,5,7.0,4.58,16,2,0,0,26.5
C001,Karnal,Soybean,26,13,13,5,8.0,3.75,10,6,1,0,24.4
C001,Karnal,Maize,63,44,19,2,7.0,2.84,11,2,0,0,86.0
C003,Indore,Maize,72,38,34,5,8.0,6.62,12,6,1,0,81.6
C003,Indore,Maize,32,29,3,3,8.0,7.06,11,1,0,1,8.9
C002,Ludhiana,Paddy,42,41,1,5,6.0,5.85,13,1,0,0,2.9
C005,Nashik,Soybean,74,44,30,5,5.0,4.1,15,0,1,0,38.7
C005,Nashik,Mustard,43,26,17,4,5.0,8.46,15,6,1,0,27.1
C003,Indore,Gram,56,32,24,4,4.0,7.14,16,1,0,0,28.8
C001,Karnal,Wheat,36,27,9,6,6.0,4.46,14,4,0,0,10.7
C005,Nashik,Paddy,27,14,13,5,8.0,8.72,11,6,1,0,32.4
C003,Indore,Gram,75,38,37,6,5.0,6.2,16,2,0,0,36.0
C005,Nashik,Paddy,55,48,7,4,5.0,3.33,18,6,1,0,12.3
C002,Ludhiana,Gram,35,22,13,6,7.0,2.39,14,2,0,0,20.6
C004,Sehore,Soybean,33,24,9,5,6.0,2.0,12,5,0,0,13.8
C005,Nashik,Gram,40,13,27,2,4.0,3.15,10,6,1,0,67.2
C002,Ludhiana,Soybean,68,42,26,3,7.0,3.55,13,0,1,0,92.1
C002,Ludhiana,Soybean,58,14,44,2,8.0,3.65,10,5,0,0,180.6
C001,Karnal,Gram,52,45,7,4,8.0,6.79,11,5,0,0,19.6
C005,Nashik,Maize,19,9,10,6,7.0,9.04,13,2,0,0,13.9
C003,Indore,Wheat,53,15,38,5,7.0,9.01,15,6,1,0,65.8
C001,Karnal,Maize,44,20,24,6,8.0,8.95,18,3,0,0,36.7
C004,Sehore,Wheat,39,21,18,2,6.0,7.12,13,3,0,0,68.7
C003,Indore,Wheat,52,20,32,2,4.0,6.69,11,4,0,0,82.9
C004,Sehore,Gram,68,43,25,6,8.0,6.15,18,3,0,1,28.1
C001,Karnal,Gram,44,28,16,2,4.0,6.64,17,3,0,0,34.8
C001,Karnal,Mustard,75,38,37,5,7.0,2.3,14,6,1,0,79.9
C004,Sehore,Maize,53,16,37,2,5.0,2.19,13,0,1,0,137.1
C001,Karnal,Maize,71,48,23,5,6.0,4.75,11,2,0,0,35.5
C004,Sehore,Maize,54,40,14,4,5.0,8.17,16,5,0,0,18.8
C003,Indore,Paddy,49,27,22,5,4.0,6.93,11,2,0,0,23.0
C001,Karnal,Maize,76,36,40,5,6.0,7.12,14,1,0,0,65.6
C003,Indore,Mustard,26,15,11,5,6.0,4.58,9,1,0,0,16.2
C005,Nashik,Mustard,42,30,12,6,8.0,6.95,9,1,0,0,18.3
C004,Sehore,Mustard,62,27,35,3,6.0,5.17,14,0,1,0,105.8
C003,Indore,Gram,40,19,21,6,4.0,5.54,8,1,0,0,17.2
C003,Indore,Wheat,64,19,45,5,5.0,3.96,11,3,0,0,60.5
C001,Karnal,Mustard,75,35,40,3,4.0,8.7,14,4,0,0,71.7
C004,Sehore,Paddy,71,45,26,6,8.0,6.6,14,5,0,0,47.6
C003,Indore,Mustard,44,20,24,5,6.0,4.56,13,0,1,0,42.8
C002,Ludhiana,Gram,44,37,7,6,5.0,7.67,16,2,0,0,8.0
C002,Ludhiana,Maize,49,34,15,4,8.0,4.15,8,3,0,0,31.8
C004,Sehore,Wheat,69,33,36,3,4.0,6.47,8,2,0,0,53.1
C001,Karnal,Maize,59,41,18,4,4.0,4.02,8,5,0,0,19.9
C002,Ludhiana,Soybean,59,39,20,3,7.0,7.58,12,2,0,0,61.9
C005,Nashik,Soybean,86,42,44,3,8.0,4.52,8,4,0,0,123.6
C005,Nashik,Wheat,43,38,5,2,8.0,5.31,10,5,0,0,22.5
C002,Ludhiana,Paddy,34,26,8,2,7.0,2.71,14,4,0,0,36.7
C004,Sehore,Soybean,38,16,22,5,5.0,2.77,13,1,0,0,31.7
C004,Sehore,Wheat,43,17,26,3,6.0,3.81,18,5,0,0,54.9
C001,Karnal,Gram,47,8,39,4,4.0,9.86,8,5,0,0,42.4
C005,Nashik,Wheat,49,24,25,2,6.0,2.22,17,4,0,0,76.3
C002,Ludhiana,Paddy,51,39,12,6,7.0,3.75,13,0,1,0,23.2
C005,Nashik,Mustard,79,50,29,6,5.0,8.77,10,4,0,0,28.9
C001,Karnal,Gram,32,24,8,2,8.0,9.48,9,2,0,0,33.3
C002,Ludhiana,Wheat,53,14,39,5,5.0,9.98,13,3,0,0,53.6
C004,Sehore,Soybean,31,26,5,2,8.0,3.97,10,1,0,0,20.6
C004,Sehore,Wheat,78,47,31,4,4.0,7.66,17,0,1,0,37.7
C003,Indore,Gram,84,39,45,6,8.0,6.17,16,5,0,0,64.7
C004,Sehore,Paddy,58,32,26,4,7.0,5.02,15,0,1,0,54.7
C004,Sehore,Gram,55,23,32,5,6.0,8.17,8,4,0,0,41.0
C001,Karnal,Mustard,51,16,35,6,8.0,7.13,8,4,0,1,43.4
C004,Sehore,Paddy,52,48,4,4,8.0,8.99,16,4,0,0,8.5
C001,Karnal,Paddy,31,19,12,2,7.0,7.7,9,5,0,0,42.3
C005,Nashik,Wheat,63,49,14,2,7.0,2.93,12,0,1,0,72.8
C003,Indore,Paddy,54,30,24,5,5.0,2.36,10,4,0,0,27.6
C004,Sehore,Maize,60,46,14,6,6.0,7.89,12,3,0,0,18.8
C004,Sehore,Soybean,53,21,32,4,5.0,6.8,18,5,0,0,44.6
C004,Sehore,Paddy,53,12,41,3,4.0,2.92,15,0,1,0,67.1
C003,Indore,Maize,58,23,35,5,6.0,4.28,17,2,0,0,44.7
C002,Ludhiana,Wheat,26,13,13,6,7.0,6.15,8,3,0,0,15.2
C001,Karnal,Soybean,54,9,45,3,4.0,3.93,17,2,0,0,64.0
C005,Nashik,Wheat,39,25,14,6,5.0,2.35,8,1,0,0,15.1
C002,Ludhiana,Mustard,50,8,42,5,5.0,5.13,10,2,0,0,45.9
C002,Ludhiana,Mustard,38,9,29,5,4.0,8.75,17,4,0,0,25.3
C005,Nashik,Mustard,53,9,44,2,4.0,5.28,16,0,1,0,105.2
C003,Indore,Mustard,55,48,7,2,5.0,3.87,14,0,1,0,27.3
C005,Nashik,Wheat,76,39,37,3,4.0,2.59,18,6,1,0,62.9
C004,Sehore,Mustard,49,20,29,6,7.0,7.46,17,2,0,0,39.3
C004,Sehore,Soybean,63,28,35,3,7.0,3.79,12,5,0,0,108.1
C004,Sehore,Mustard,34,32,2,3,6.0,8.44,10,0,1,0,5.7
C005,Nashik,Paddy,68,27,41,5,5.0,3.66,14,3,0,0,56.0
C004,Sehore,Soybean,50,26,24,5,7.0,4.61,14,1,0,0,43.7
C002,Ludhiana,Maize,60,47,13,3,8.0,8.27,13,3,0,0,45.9
C004,Sehore,Mustard,40,14,26,4,5.0,5.76,16,5,0,0,37.2
C005,Nashik,Soybean,40,26,14,2,5.0,6.41,10,5,0,0,36.8
C002,Ludhiana,Soybean,66,41,25,2,5.0,7.34,12,5,0,0,82.2
C004,Sehore,Gram,52,25,27,3,5.0,5.75,10,6,1,0,54.3
C005,Nashik,Gram,15,10,5,2,4.0,2.17,8,2,0,0,9.9
C003,Indore,Paddy,29,9,20,3,5.0,4.9,13,4,0,0,43.9
C003,Indore,Maize,31,11,20,3,6.0,8.42,10,1,0,0,40.9
C005,Nashik,Soybean,81,45,36,3,8.0,5.76,12,5,0,0,123.3
C001,Karnal,Maize,14,7,7,3,7.0,3.08,14,3,0,0,19.9
C001,Karnal,Gram,79,41,38,4,7.0,3.45,8,3,0,0,71.3
C003,Indore,Wheat,25,13,12,4,4.0,6.99,18,3,0,0,11.9
C002,Ludhiana,Maize,33,27,6,4,6.0,6.82,15,0,1,0,11.4
C002,Ludhiana,Mustard,55,22,33,4,5.0,9.86,8,3,0,0,43.9
C002,Ludhiana,Maize,61,32,29,4,6.0,4.7,12,5,0,0,58.5
C001,Karnal,Mustard,53,44,9,6,4.0,2.09,17,0,1,0,6.8
C004,Sehore,Soybean,93,48,45,5,4.0,4.16,14,2,0,0,50.5
C004,Sehore,Soybean,44,21,23,4,5.0,6.42,15,2,0,0,33.2
C001,Karnal,Maize,14,6,8,4,8.0,8.49,9,1,0,0,16.5
C002,Ludhiana,Gram,10,5,5,3,4.0,7.78,13,6,1,0,8.5
C005,Nashik,Maize,54,11,43,5,6.0,6.9,8,5,0,0,58.4
C001,Karnal,Paddy,33,32,1,2,4.0,8.33,11,1,0,1,1
C003,Indore,Maize,48,17,31,6,5.0,7.67,15,4,0,0,29.4
C005,Nashik,Wheat,38,5,33,5,5.0,2.64,11,2,0,0,45.4
C002,Ludhiana,Maize,29,16,13,2,4.0,8.79,11,1,0,0,35.4
C003,Indore,Gram,64,23,41,5,8.0,3.75,12,6,1,0,98.2
C001,Karnal,Maize,20,9,11,4,6.0,2.49,15,2,0,0,16.1
C004,Sehore,Wheat,54,10,44,5,4.0,4.55,13,5,0,0,50.0
C001,Karnal,Gram,56,27,29,4,6.0,7.94,15,2,0,0,48.0
C003,Indore,Gram,53,15,38,3,5.0,2.34,13,3,0,0,83.6
C004,Sehore,Soybean,24,14,10,5,7.0,7.9,14,3,0,0,20.2
C003,Indore,Soybean,29,5,24,3,7.0,5.48,18,1,0,0,60.7
C002,Ludhiana,Wheat,45,14,31,2,7.0,4.17,11,0,1,0,158.3
C005,Nashik,Mustard,75,43,32,3,5.0,7.79,14,3,0,0,69.1
C001,Karnal,Mustard,71,50,21,2,4.0,5.81,12,1,0,0,56.8
C002,Ludhiana,Soybean,65,45,20,5,4.0,3.27,18,2,0,0,18.1
C001,Karnal,Gram,45,26,19,3,8.0,7.8,10,2,0,0,52.8
C001,Karnal,Soybean,34,18,16,4,7.0,9.56,11,6,1,0,42.7
C004,Sehore,Mustard,63,26,37,6,6.0,7.59,10,2,0,0,41.7
C002,Ludhiana,Maize,36,20,16,6,8.0,5.91,15,0,1,0,28.0
C004,Sehore,Paddy,44,38,6,6,6.0,5.93,17,5,0,0,6.5
C002,Ludhiana,Mustard,39,35,4,3,6.0,3.97,18,0,1,0,11.0
C004,Sehore,Gram,57,36,21,3,6.0,9.88,17,4,0,0,45.8
C002,Ludhiana,Gram,27,8,19,6,4.0,7.88,11,4,0,0,17.2
C004,Sehore,Soybean,35,18,17,2,6.0,3.15,8,0,1,0,61.7
C001,Karnal,Mustard,74,45,29,5,5.0,5.06,10,4,0,0,31.7
C003,Indore,Soybean,73,34,39,4,5.0,4.28,17,1,0,0,51.5
C001,Karnal,Mustard,38,14,24,6,7.0,4.52,14,4,0,1,30.6
C003,Indore,Soybean,47,7,40,3,6.0,7.15,13,4,0,0,103.0
C005,Nashik,Wheat,14,9,5,3,7.0,3.12,9,4,0,0,13.1
C001,Karnal,Mustard,37,31,6,4,6.0,4.75,9,3,0,0,8.0
C004,Sehore,Maize,46,10,36,5,5.0,8.51,15,1,0,0,42.0
C003,Indore,Paddy,90,48,42,3,4.0,6.46,8,5,0,0,59.9
C001,Karnal,Wheat,23,13,10,3,5.0,6.0,13,3,0,0,22.7
C001,Karnal,Gram,49,47,2,4,7.0,7.72,14,4,0,0,3.4
C001,Karnal,Paddy,37,5,32,3,8.0,4.8,9,4,0,0,89.2
C002,Ludhiana,Soybean,40,5,35,3,5.0,9.32,17,2,0,0,62.0
C004,Sehore,Paddy,43,26,17,3,8.0,3.57,12,3,0,0,57.8
C001,Karnal,Soybean,44,18,26,6,8.0,3.48,8,3,0,0,38.8
C002,Ludhiana,Paddy,93,48,45,6,6.0,3.71,17,6,1,0,57.0
C002,Ludhiana,Gram,39,6,33,4,5.0,4.48,11,6,1,0,62.6
C004,Sehore,Maize,60,30,30,5,6.0,6.81,10,3,0,0,40.0
C002,Ludhiana,Wheat,7,6,1,6,4.0,6.95,8,2,0,0,1
C004,Sehore,Maize,15,8,7,6,5.0,4.94,18,1,0,0,7.6
C003,Indore,Wheat,48,6,42,4,7.0,4.38,8,0,1,0,88.6
C002,Ludhiana,Wheat,17,5,12,2,7.0,2.9,11,3,0,0,54.3
C005,Nashik,Mustard,86,41,45,4,4.0,5.84,10,1,0,0,51.1
C001,Karnal,Wheat,61,31,30,5,7.0,3.4,8,4,0,0,46.2
C003,Indore,Maize,35,22,13,4,7.0,2.2,12,6,1,0,35.0
C001,Karnal,Maize,68,40,28,2,8.0,9.62,15,6,1,0,133.6
C001,Karnal,Mustard,67,28,39,4,4.0,5.65,15,4,0,0,44.3
C003,Indore,Maize,35,25,10,6,8.0,7.88,13,3,0,0,17.5
C004,Sehore,Mustard,80,36,44,4,5.0,7.41,14,2,0,0,72.4
C003,Indore,Paddy,76,34,42,4,6.0,5.61,16,6,1,0,79.0
C003,Indore,Gram,61,39,22,3,8.0,7.06,10,6,1,0,68.7
C002,Ludhiana,Maize,39,12,27,5,4.0,9.92,16,0,1,0,28.4
C003,Indore,Gram,94,50,44,3,5.0,8.3,15,0,1,0,91.0
C003,Indore,Gram,73,30,43,5,8.0,3.75,13,5,0,0,92.2
C001,Karnal,Paddy,62,17,45,5,5.0,7.73,16,6,1,0,55.7
C001,Karnal,Maize,50,24,26,4,5.0,8.6,16,5,0,0,36.9
C001,Karnal,Wheat,26,18,8,2,6.0,3.49,18,0,1,0,28.4
C001,Karnal,Soybean,50,49,1,4,7.0,6.78,13,3,0,0,1.5
C005,Nashik,Gram,45,7,38,5,8.0,7.43,8,3,0,0,63.5
C004,Sehore,Soybean,77,49,28,6,4.0,6.7,13,5,0,0,24.8
C001,Karnal,Soybean,56,39,17,2,7.0,2.74,11,5,0,0,76.9
C001,Karnal,Soybean,59,43,16,5,6.0,9.87,8,2,0,0,22.2
C004,Sehore,Paddy,12,5,7,6,7.0,7.47,17,6,1,0,8.3
C005,Nashik,Soybean,46,34,12,2,8.0,4.2,17,3,0,0,49.6
C001,Karnal,Mustard,83,38,45,6,4.0,5.93,15,2,0,0,33.6
C005,Nashik,Mustard,58,14,44,5,4.0,9.75,9,1,0,0,39.5
C004,Sehore,Maize,27,24,3,3,7.0,3.46,13,6,1,0,11.8
C002,Ludhiana,Maize,22,15,7,5,4.0,3.11,17,4,0,1,5.3
C004,Sehore,Wheat,80,39,41,6,6.0,2.85,15,0,1,0,52.3
C004,Sehore,Wheat,64,47,17,2,4.0,4.86,14,4,0,0,46.2
C002,Ludhiana,Wheat,47,41,6,2,5.0,3.49,11,3,0,0,19.7
C005,Nashik,Mustard,59,16,43,5,4.0,6.66,9,4,0,1,31.5
C003,Indore,Paddy,32,8,24,5,4.0,6.08,8,0,1,0,24.0
C005,Nashik,Wheat,41,20,21,4,5.0,8.88,11,1,0,0,35.2
C002,Ludhiana,Wheat,81,45,36,3,7.0,7.02,9,1,0,0,89.8
C002,Ludhiana,Wheat,46,41,5,5,8.0,3.32,18,6,1,0,10.3
C002,Ludhiana,Mustard,35,7,28,5,4.0,8.97,14,0,1,0,36.5
C003,Indore,Soybean,28,13,15,5,8.0,5.83,16,3,0,0,26.8
C002,Ludhiana,Paddy,55,36,19,6,8.0,8.18,14,4,0,1,25.9
C001,Karnal,Maize,46,22,24,3,4.0,5.15,15,5,0,0,36.5
C003,Indore,Gram,55,35,20,6,6.0,6.09,14,6,1,0,31.9
C005,Nashik,Maize,84,41,43,6,8.0,3.1,13,0,1,0,89.5
C005,Nashik,Gram,62,45,17,6,4.0,4.15,12,6,1,0,18.4
C003,Indore,Mustard,40,27,13,3,8.0,9.78,11,6,1,0,52.1
C003,Indore,Mustard,90,47,43,6,7.0,3.51,17,6,1,0,63.9
C003,Indore,Paddy,61,25,36,4,8.0,3.64,15,4,0,0,74.8
C003,Indore,Maize,84,45,39,3,5.0,8.64,10,5,0,0,69.2
C004,Sehore,Soybean,69,39,30,4,8.0,4.73,12,4,0,0,77.1
C004,Sehore,Gram,22,17,5,5,4.0,8.5,12,3,0,0,7.6
C005,Nashik,Mustard,44,17,27,6,8.0,4.13,14,5,0,0,48.6
C004,Sehore,Soybean,21,13,8,5,6.0,3.45,13,6,1,0,13.0
C001,Karnal,Mustard,57,22,35,2,8.0,3.02,9,5,0,0,143.0
C005,Nashik,Wheat,66,44,22,2,4.0,7.76,12,3,0,0,56.5
C005,Nashik,Gram,43,20,23,4,8.0,3.21,16,4,0,0,47.6
C004,Sehore,Paddy,17,15,2,6,8.0,2.73,17,2,0,0,1.4
C002,Ludhiana,Soybean,74,44,30,3,5.0,3.33,10,1,0,0,51.6
C003,Indore,Soybean,58,33,25,6,8.0,3.71,9,6,1,0,42.2
C004,Sehore,Paddy,31,6,25,5,8.0,6.33,12,1,0,0,53.0
C005,Nashik,Mustard,69,37,32,4,4.0,6.93,15,4,0,0,34.4
C001,Karnal,Gram,44,18,26,5,5.0,3.74,13,3,0,0,36.5
C002,Ludhiana,Soybean,50,48,2,6,7.0,9.48,11,5,0,0,3.0
C001,Karnal,Soybean,53,29,24,6,6.0,2.16,14,5,0,0,32.6
C004,Sehore,Mustard,46,28,18,4,5.0,9.29,12,3,0,0,29.2
C005,Nashik,Maize,51,17,34,6,8.0,8.77,14,2,0,1,48.3
C002,Ludhiana,Wheat,25,21,4,6,8.0,2.63,12,3,0,0,5.7
C004,Sehore,Mustard,51,24,27,3,5.0,3.33,9,1,0,0,48.7
C005,Nashik,Maize,71,35,36,3,6.0,9.54,10,1,0,1,63.8
C005,Nashik,Maize,29,22,7,2,4.0,8.54,10,4,0,0,14.7
C003,Indore,Maize,51,16,35,3,5.0,3.97,8,2,0,0,63.6
C005,Nashik,Wheat,34,30,4,6,8.0,3.08,8,3,0,0,4.3
C005,Nashik,Mustard,50,20,30,6,6.0,5.64,9,5,0,0,34.2
C001,Karnal,Wheat,24,23,1,5,5.0,5.69,15,5,0,0,1.3
C004,Sehore,Gram,66,43,23,5,8.0,6.62,14,6,1,0,57.4
C002,Ludhiana,Gram,21,18,3,5,5.0,2.59,13,6,1,0,5.1
C004,Sehore,Soybean,30,6,24,5,6.0,4.52,11,6,1,0,44.0
C002,Ludhiana,Soybean,66,24,42,6,5.0,5.17,10,0,1,0,46.9
C003,Indore,Soybean,58,28,30,5,7.0,9.06,15,1,0,0,43.8
C002,Ludhiana,Maize,32,8,24,2,6.0,4.8,14,5,0,0,91.2
C003,Indore,Mustard,38,7,31,6,8.0,9.47,15,0,1,0,50.0
C005,Nashik,Paddy,60,50,10,2,4.0,6.49,8,0,1,0,24.7
C003,Indore,Wheat,66,44,22,5,7.0,5.68,17,2,0,0,31.6
C005,Nashik,Gram,64,32,32,2,7.0,8.11,8,5,0,0,116.8
C005,Nashik,Gram,51,26,25,2,5.0,7.28,15,5,0,0,64.6
C002,Ludhiana,Paddy,47,22,25,2,8.0,5.16,8,0,1,0,119.8
C002,Ludhiana,Soybean,41,14,27,6,5.0,5.42,17,2,0,0,24.6
C001,Karnal,Paddy,40,9,31,2,6.0,3.75,10,5,0,0,95.0
C004,Sehore,Mustard,52,21,31,6,6.0,6.62,16,6,1,0,39.9
C003,Indore,Gram,82,48,34,3,8.0,4.23,17,6,1,0,107.3
C001,Karnal,Soybean,59,37,22,5,6.0,4.4,14,0,1,0,39.8
C003,Indore,Wheat,34,19,15,3,8.0,9.05,11,3,0,0,53.5
C005,Nashik,Gram,57,31,26,4,7.0,6.53,12,0,1,0,69.0
C001,Karnal,Mustard,58,32,26,2,7.0,3.23,15,0,1,0,107.3
C003,Indore,Paddy,68,42,26,5,7.0,3.71,14,6,1,0,54.4
C002,Ludhiana,Mustard,63,42,21,3,8.0,5.01,9,0,1,0,68.1
C001,Karnal,Paddy,42,10,32,6,7.0,9.47,18,1,0,0,39.2
C002,Ludhiana,Wheat,72,48,24,3,6.0,7.49,13,5,0,0,61.0
C003,Indore,Mustard,48,10,38,2,4.0,9.91,17,0,1,0,90.7
C002,Ludhiana,Soybean,60,42,18,5,4.0,4.33,16,0,1,0,17.9
C001,Karnal,Soybean,57,46,11,6,6.0,8.21,16,0,1,0,12.9
C003,Indore,Wheat,58,15,43,5,6.0,7.56,15,2,0,0,56.0
C004,Sehore,Soybean,68,25,43,3,6.0,3.68,15,1,0,0,89.3
C001,Karnal,Gram,40,33,7,2,5.0,3.01,9,2,0,0,19.1
C005,Nashik,Paddy,39,12,27,5,7.0,9.44,18,5,0,0,41.4
C002,Ludhiana,Soybean,41,30,11,2,6.0,3.53,9,0,1,0,40.7
C003,Indore,Soybean,77,47,30,3,7.0,9.73,13,3,0,0,90.4
C004,Sehore,Maize,61,16,45,4,8.0,2.06,10,2,0,0,95.3
C003,Indore,Paddy,53,37,16,2,5.0,6.83,12,1,0,0,51.6
C001,Karnal,Maize,68,28,40,4,6.0,4.7,9,3,0,0,66.7
C002,Ludhiana,Paddy,91,47,44,3,6.0,8.86,16,2,0,0,94.8
C005,Nashik,Gram,35,7,28,6,5.0,5.64,17,4,0,0,28.7
C004,Sehore,Wheat,33,31,2,4,6.0,6.71,9,3,0,0,2.9
C004,Sehore,Gram,63,42,21,6,5.0,3.78,12,2,0,0,25.8
C002,Ludhiana,Maize,47,21,26,6,6.0,2.03,11,0,1,0,41.8
C002,Ludhiana,Soybean,13,9,4,2,7.0,8.42,12,4,0,0,18.2
C004,Sehore,Wheat,86,47,39,6,6.0,2.41,17,1,0,0,43.9
C001,Karnal,Paddy,38,16,22,5,8.0,6.36,11,0,1,0,51.6
C002,Ludhiana,Soybean,30,21,9,2,4.0,3.35,12,5,0,0,22.2
C004,Sehore,Paddy,30,23,7,3,6.0,4.48,16,5,0,0,13.1
C002,Ludhiana,Wheat,27,22,5,2,5.0,9.72,9,6,1,0,13.5
C005,Nashik,Soybean,78,47,31,6,4.0,6.91,9,2,0,0,23.8
C004,Sehore,Paddy,46,44,2,6,6.0,8.44,9,0,1,0,1.9
C005,Nashik,Maize,76,45,31,6,5.0,4.81,13,6,1,0,41.9
C001,Karnal,Gram,28,17,11,5,5.0,6.97,15,6,1,0,14.8
C002,Ludhiana,Maize,59,29,30,5,8.0,4.58,13,1,0,0,61.7
C002,Ludhiana,Wheat,49,47,2,6,6.0,9.47,18,2,0,0,3.6
C003,Indore,Soybean,50,43,7,2,5.0,6.16,9,4,0,0,18.3
C005,Nashik,Maize,47,7,40,4,4.0,8.29,18,2,0,0,44.9
C004,Sehore,Mustard,28,24,4,2,4.0,7.32,10,5,0,0,8.0
C002,Ludhiana,Mustard,43,38,5,4,7.0,4.91,15,2,0,0,9.0
C001,Karnal,Mustard,19,13,6,4,5.0,9.45,17,4,0,0,7.7
C001,Karnal,Mustard,24,16,8,4,6.0,6.61,17,6,1,0,13.0
C003,Indore,Gram,77,41,36,6,4.0,8.96,16,2,0,0,29.0
C001,Karnal,Soybean,37,10,27,2,6.0,7.26,12,5,0,0,102.8
C005,Nashik,Wheat,38,35,3,2,7.0,8.48,14,4,0,0,12.1
C005,Nashik,Paddy,27,16,11,2,6.0,7.19,17,5,0,0,34.8
C001,Karnal,Soybean,59,48,11,3,5.0,6.08,14,0,1,0,29.2
C005,Nashik,Maize,56,20,36,3,7.0,2.47,11,4,0,0,108.1
C005,Nashik,Mustard,68,42,26,4,5.0,5.29,17,2,0,0,36.1
C001,Karnal,Maize,85,43,42,5,6.0,5.98,9,3,0,0,56.4
C002,Ludhiana,Gram,55,47,8,3,8.0,3.99,8,1,0,0,23.3
C001,Karnal,Maize,36,22,14,5,5.0,9.68,17,0,1,0,18.6
C001,Karnal,Soybean,47,33,14,2,6.0,3.16,18,6,1,0,49.5
C004,Sehore,Soybean,76,47,29,6,6.0,3.61,18,1,0,0,31.9
C002,Ludhiana,Soybean,36,8,28,5,6.0,4.02,14,3,0,0,46.5
C001,Karnal,Maize,37,18,19,5,8.0,5.31,12,1,0,0,39.0
C001,Karnal,Soybean,72,34,38,6,4.0,4.78,18,1,0,0,30.6
C003,Indore,Soybean,46,35,11,5,6.0,3.76,10,0,1,0,17.1
C004,Sehore,Paddy,56,14,42,6,8.0,2.88,13,4,0,0,73.4
C005,Nashik,Mustard,46,41,5,5,4.0,9.66,9,1,0,0,3.6
C002,Ludhiana,Maize,75,38,37,6,8.0,9.37,18,3,0,0,51.8
C001,Karnal,Mustard,63,26,37,6,7.0,2.01,11,1,0,0,57.6
C004,Sehore,Mustard,58,45,13,4,8.0,5.22,17,4,0,0,25.9
C004,Sehore,Gram,28,7,21,3,5.0,8.86,13,3,0,0,46.4
C004,Sehore,Paddy,51,49,2,5,8.0,2.61,17,1,0,0,4.9
C002,Ludhiana,Soybean,16,11,5,5,8.0,7.45,16,3,0,0,7.5
C002,Ludhiana,Paddy,24,21,3,4,4.0,2.09,17,3,0,0,2.5
C005,Nashik,Soybean,42,20,22,3,4.0,6.89,9,6,1,0,36.8
C002,Ludhiana,Wheat,50,15,35,5,6.0,7.26,8,6,1,0,54.5
C004,Sehore,Mustard,75,42,33,2,4.0,3.83,17,2,0,1,57.5
C003,Indore,Soybean,13,11,2,6,5.0,9.85,17,0,1,0,1
C002,Ludhiana,Paddy,31,18,13,2,5.0,3.58,12,3,0,0,42.0
C005,Nashik,Paddy,42,28,14,2,4.0,7.02,12,6,1,0,40.5
C001,Karnal,Paddy,16,15,1,5,7.0,5.0,16,1,0,0,3.1
C001,Karnal,Wheat,19,14,5,3,5.0,5.32,14,1,0,0,9.7
C005,Nashik,Maize,80,42,38,6,8.0,9.88,15,1,0,0,55.6
C005,Nashik,Paddy,56,44,12,5,7.0,8.69,15,2,0,0,18.7
C001,Karnal,Paddy,64,39,25,5,6.0,5.72,9,6,1,0,38.7
C002,Ludhiana,Wheat,48,40,8,3,8.0,5.83,18,4,0,0,23.6
C001,Karnal,Gram,28,13,15,3,8.0,3.92,8,4,0,0,42.0
C001,Karnal,Paddy,32,26,6,6,8.0,6.2,9,2,0,0,8.9
C002,Ludhiana,Wheat,27,13,14,5,7.0,8.42,11,5,0,0,26.3
C005,Nashik,Soybean,80,39,41,2,7.0,2.64,13,3,0,0,183.4
C003,Indore,Wheat,49,47,2,2,4.0,7.53,8,0,1,0,5.9
C005,Nashik,Wheat,42,11,31,2,5.0,5.51,16,5,0,0,82.4
C005,Nashik,Wheat,50,29,21,3,6.0,7.38,16,5,0,0,43.7
C002,Ludhiana,Wheat,86,47,39,6,5.0,6.61,15,2,0,0,38.8
C001,Karnal,Paddy,77,44,33,3,6.0,8.31,13,3,0,0,86.5
C004,Sehore,Wheat,9,5,4,2,8.0,7.3,11,3,0,0,19.8
C003,Indore,Maize,48,14,34,6,6.0,5.24,17,0,1,0,41.8
C003,Indore,Gram,71,47,24,3,6.0,2.39,12,6,1,0,72.2
C001,Karnal,Gram,35,31,4,2,7.0,3.66,14,4,0,0,18.2
C005,Nashik,Mustard,79,38,41,2,8.0,3.48,9,0,1,0,191.7
C001,Karnal,Soybean,48,40,8,4,8.0,9.32,8,2,0,0,16.0
C002,Ludhiana,Gram,54,38,16,5,7.0,3.55,11,4,0,0,29.5
C002,Ludhiana,Paddy,75,30,45,2,5.0,6.95,12,5,0,0,146.3
C003,Indore,Soybean,22,20,2,4,5.0,9.04,10,2,0,0,4.1
C004,Sehore,Paddy,27,10,17,2,6.0,5.7,8,6,1,0,62.5
C004,Sehore,Paddy,26,7,19,4,6.0,3.49,11,5,0,0,37.3
C002,Ludhiana,Mustard,53,10,43,3,4.0,5.76,12,3,0,0,78.3
C005,Nashik,Gram,21,19,2,6,8.0,7.85,13,1,0,0,3.6
C002,Ludhiana,Mustard,74,44,30,4,5.0,8.65,8,5,0,0,39.3
C001,Karnal,Mustard,32,18,14,3,5.0,9.76,13,1,0,0,29.9
C003,Indore,Maize,29,14,15,2,7.0,8.45,9,0,1,0,62.0
C004,Sehore,Maize,47,43,4,2,8.0,9.8,11,4,0,0,21.2
C004,Sehore,Paddy,67,25,42,3,7.0,10.0,8,3,0,0,103.9
C001,Karnal,Gram,50,29,21,6,7.0,2.76,16,6,1,0,30.9
C005,Nashik,Wheat,20,6,14,2,5.0,9.98,8,4,0,0,37.8
C001,Karnal,Gram,39,5,34,3,8.0,3.96,14,2,0,0,118.2
C003,Indore,Maize,39,31,8,4,8.0,9.33,17,5,0,0,16.4
C003,Indore,Paddy,63,43,20,2,4.0,2.57,9,6,1,0,49.5
C003,Indore,Wheat,34,19,15,6,6.0,5.18,15,2,0,0,17.1
C004,Sehore,Paddy,57,43,14,3,5.0,6.82,10,0,1,0,27.6
C003,Indore,Soybean,24,7,17,2,4.0,7.56,12,1,0,0,44.2
C001,Karnal,Mustard,52,36,16,2,6.0,9.48,14,3,0,0,62.9
C005,Nashik,Maize,41,32,9,2,4.0,8.24,8,0,1,0,23.3
C001,Karnal,Gram,55,30,25,3,6.0,9.08,9,6,1,0,58.6
C002,Ludhiana,Maize,39,18,21,5,4.0,2.8,10,6,1,0,23.4
C003,Indore,Wheat,52,16,36,5,8.0,5.49,9,3,0,0,61.9
C005,Nashik,Maize,52,38,14,3,8.0,8.65,12,5,0,0,46.8
C003,Indore,Gram,46,17,29,2,8.0,4.74,11,3,0,0,150.1
C005,Nashik,Paddy,33,19,14,5,4.0,7.16,17,5,0,0,11.3
C003,Indore,Soybean,41,37,4,2,8.0,4.95,17,4,0,0,17.7
C003,Indore,Gram,50,21,29,3,4.0,6.66,10,3,0,0,43.0
C005,Nashik,Maize,66,29,37,5,8.0,8.96,18,2,0,0,64.2
C005,Nashik,Maize,57,23,34,5,4.0,3.16,13,4,0,0,39.9
C002,Ludhiana,Paddy,30,23,7,4,8.0,2.17,16,2,0,0,16.0
C002,Ludhiana,Paddy,31,19,12,3,4.0,4.36,10,6,1,0,19.5
C005,Nashik,Wheat,51,6,45,5,8.0,9.92,15,1,0,0,75.9
C004,Sehore,Wheat,38,24,14,5,5.0,6.49,11,4,0,0,18.5
C005,Nashik,Mustard,56,47,9,3,8.0,9.18,8,6,1,0,27.8
C001,Karnal,Mustard,59,49,10,5,4.0,6.53,14,2,0,1,10.4
C002,Ludhiana,Soybean,83,48,35,6,6.0,3.17,18,2,0,0,39.4
C005,Nashik,Soybean,50,9,41,4,7.0,9.39,11,0,1,0,109.3
C001,Karnal,Maize,59,25,34,3,5.0,6.57,9,2,0,0,61.9
C004,Sehore,Gram,62,24,38,3,5.0,8.8,12,5,0,0,85.1
C002,Ludhiana,Soybean,48,47,1,3,4.0,8.82,14,4,0,0,3.3
C001,Karnal,Wheat,50,17,33,2,7.0,2.6,18,1,0,0,118.8
C001,Karnal,Wheat,42,8,34,2,7.0,6.9,12,0,1,0,175.6
C003,Indore,Wheat,57,45,12,5,7.0,6.17,17,3,0,0,18.7
C001,Karnal,Maize,63,22,41,4,5.0,4.16,15,3,0,0,55.3
C002,Ludhiana,Wheat,57,31,26,5,5.0,7.37,17,1,0,0,29.3
C001,Karnal,Maize,33,8,25,5,7.0,9.86,17,5,0,0,36.3
C003,Indore,Wheat,83,39,44,5,8.0,4.1,11,1,0,0,92.2
C002,Ludhiana,Mustard,40,27,13,4,5.0,9.33,14,0,1,0,26.6
C004,Sehore,Wheat,55,11,44,3,5.0,2.63,10,0,1,0,88.5
C004,Sehore,Paddy,43,34,9,6,6.0,5.97,17,2,0,0,8.8
C004,Sehore,Wheat,41,21,20,6,6.0,6.74,10,6,1,0,23.6
C004,Sehore,Mustard,39,32,7,6,4.0,4.2,8,1,0,0,6.2
C001,Karnal,Soybean,21,14,7,5,8.0,9.24,15,5,0,0,13.7
C001,Karnal,Wheat,74,42,32,3,4.0,6.29,10,0,1,0,52.0
C004,Sehore,Paddy,58,36,22,6,8.0,8.28,18,4,0,0,33.0
C002,Ludhiana,Gram,49,16,33,3,4.0,6.35,13,3,0,1,46.9
C004,Sehore,Maize,87,42,45,2,7.0,6.36,18,3,0,0,164.6
C001,Karnal,Soybean,62,36,26,5,4.0,3.89,14,4,0,0,27.7
C001,Karnal,Mustard,49,14,35,2,7.0,2.67,10,1,0,0,126.1
C002,Ludhiana,Wheat,27,26,1,5,6.0,6.31,15,0,1,0,1.1
C002,Ludhiana,Maize,58,16,42,2,8.0,2.58,17,1,0,0,172.6
C004,Sehore,Gram,77,39,38,2,8.0,8.18,12,1,0,0,195.0
C003,Indore,Gram,16,7,9,2,5.0,8.81,8,4,0,0,22.5
C005,Nashik,Soybean,56,23,33,6,6.0,7.19,12,4,0,0,46.2
C005,Nashik,Gram,46,27,19,2,4.0,5.61,16,4,0,0,41.5
C001,Karnal,Maize,39,16,23,5,4.0,3.88,16,3,0,0,21.1
C005,Nashik,Maize,73,33,40,3,4.0,4.2,9,4,0,0,58.6
C004,Sehore,Soybean,61,29,32,6,8.0,6.34,17,4,0,0,46.5
C002,Ludhiana,Paddy,54,17,37,4,8.0,5.95,8,6,1,0,88.8
C005,Nashik,Wheat,89,45,44,5,5.0,8.34,13,0,1,0,70.1
C003,Indore,Soybean,70,48,22,5,8.0,5.65,8,0,1,0,41.8
C005,Nashik,Paddy,39,21,18,4,6.0,3.46,16,3,0,0,28.7
C002,Ludhiana,Mustard,57,45,12,6,6.0,3.97,10,5,0,0,13.7
C003,Indore,Soybean,76,41,35,3,5.0,9.48,13,3,0,0,75.4
C003,Indore,Paddy,47,16,31,6,6.0,9.31,13,3,0,0,42.8
C004,Sehore,Gram,60,38,22,3,5.0,6.86,18,2,0,0,40.7
C005,Nashik,Wheat,52,28,24,6,7.0,2.21,18,3,0,0,32.7
C005,Nashik,Mustard,57,36,21,2,8.0,8.18,12,6,1,0,121.3
C003,Indore,Maize,81,37,44,6,4.0,8.59,9,6,1,0,38.9
C004,Sehore,Paddy,84,50,34,2,5.0,4.67,11,2,0,0,108.7
C003,Indore,Paddy,31,25,6,5,6.0,4.35,9,2,0,0,6.7
C002,Ludhiana,Maize,58,18,40,3,6.0,8.54,15,5,0,0,84.9
C002,Ludhiana,Soybean,9,6,3,5,6.0,9.68,12,6,1,0,7.0
C001,Karnal,Mustard,39,16,23,2,4.0,5.65,17,4,0,0,47.2
C005,Nashik,Gram,47,43,4,5,8.0,7.86,10,6,1,0,6.9
C002,Ludhiana,Paddy,63,27,36,6,8.0,5.22,10,2,0,0,54.0
C004,Sehore,Soybean,75,37,38,2,6.0,5.32,15,4,0,0,117.8
C002,Ludhiana,Paddy,59,26,33,5,6.0,9.87,18,2,0,0,42.9
C005,Nashik,Soybean,63,23,40,4,6.0,3.42,10,2,0,0,66.4
C001,Karnal,Maize,15,13,2,5,6.0,9.46,8,0,1,0,4.2
C003,Indore,Maize,61,19,42,3,8.0,2.58,11,1,0,0,146.3
C001,Karnal,Mustard,19,5,14,4,4.0,4.59,15,0,1,0,18.3
C004,Sehore,Gram,43,24,19,3,4.0,4.27,16,4,0,0,27.2
C005,Nashik,Maize,81,49,32,5,5.0,9.92,11,3,0,0,44.4
C004,Sehore,Maize,15,5,10,4,7.0,3.04,16,5,0,0,20.4
C003,Indore,Paddy,30,16,14,2,8.0,7.66,9,5,0,0,59.0
C002,Ludhiana,Paddy,47,5,42,6,5.0,7.02,17,0,1,0,46.2
C001,Karnal,Gram,53,36,17,3,7.0,3.28,16,3,0,0,41.8
C004,Sehore,Soybean,77,34,43,6,4.0,3.42,10,2,0,0,33.1
C003,Indore,Gram,38,29,9,4,7.0,3.24,17,0,1,0,19.7
C005,Nashik,Maize,83,40,43,5,7.0,3.93,9,3,0,0,66.8
C004,Sehore,Wheat,39,34,5,5,5.0,7.5,11,3,0,0,7.8
C005,Nashik,Maize,27,25,2,6,5.0,3.45,10,4,0,0,3.5
C002,Ludhiana,Maize,39,32,7,5,5.0,8.4,18,6,1,0,9.5
C002,Ludhiana,Gram,31,15,16,6,5.0,4.6,13,5,0,0,19.7
C005,Nashik,Paddy,42,22,20,4,8.0,5.34,15,5,0,0,43.3
C004,Sehore,Paddy,39,20,19,3,7.0,9.54,17,2,0,0,45.6
C004,Sehore,Gram,72,43,29,2,5.0,8.6,17,3,0,1,61.8
C004,Sehore,Wheat,42,20,22,3,4.0,7.33,17,3,0,0,33.6
C001,Karnal,Paddy,51,42,9,5,6.0,9.61,16,1,0,0,10.0
C001,Karnal,Paddy,44,40,4,4,7.0,3.51,8,0,1,0,8.7
C005,Nashik,Maize,70,37,33,5,8.0,8.91,15,2,0,0,57.5
C003,Indore,Maize,32,20,12,6,6.0,7.1,14,0,1,0,20.4
C001,Karnal,Paddy,40,20,20,2,6.0,9.38,18,0,1,0,72.8
C005,Nashik,Mustard,32,27,5,2,7.0,8.68,10,1,0,0,18.4
C001,Karnal,Wheat,53,42,11,3,8.0,7.99,18,0,1,0,33.8
C003,Indore,Maize,48,44,4,6,5.0,8.59,8,4,0,0,3.7
C002,Ludhiana,Maize,49,43,6,6,7.0,9.74,10,3,0,1,4.9
C002,Ludhiana,Wheat,56,48,8,3,5.0,9.39,15,3,0,0,14.9
C001,Karnal,Wheat,20,12,8,6,4.0,5.06,9,1,0,0,4.5
C005,Nashik,Maize,35,26,9,2,7.0,7.29,16,6,1,0,36.3
C005,Nashik,Maize,60,41,19,3,4.0,3.54,14,2,0,0,32.0
C002,Ludhiana,Soybean,21,14,7,4,8.0,8.11,12,1,0,0,17.5
C005,Nashik,Maize,35,26,9,5,8.0,8.88,17,5,0,0,14.0
C005,Nashik,Mustard,44,42,2,5,5.0,3.55,13,2,0,0,4.1
C001,Karnal,Maize,84,41,43,2,5.0,6.77,10,6,1,0,128.8
C001,Karnal,Wheat,22,14,8,3,7.0,4.2,14,2,0,0,24.5
C004,Sehore,Mustard,23,21,2,3,5.0,9.53,10,0,1,0,4.0
C001,Karnal,Soybean,55,15,40,2,6.0,5.83,16,3,0,0,123.5
C005,Nashik,Wheat,60,32,28,5,4.0,8.9,8,3,0,0,24.3
C003,Indore,Gram,42,21,21,2,6.0,9.62,10,6,1,0,75.5
C001,Karnal,Paddy,24,8,16,4,4.0,3.0,17,2,0,0,17.5
C004,Sehore,Gram,52,24,28,5,6.0,6.98,13,3,0,0,46.5
C003,Indore,Mustard,32,20,12,4,7.0,4.01,9,1,0,0,21.4
C004,Sehore,Wheat,44,8,36,2,4.0,8.15,16,0,1,0,85.2
C004,Sehore,Gram,59,30,29,3,4.0,4.21,9,3,0,0,42.2
C005,Nashik,Wheat,71,28,43,6,4.0,5.58,10,4,0,1,29.0
C003,Indore,Maize,23,17,6,2,7.0,6.07,14,3,0,0,25.2
C002,Ludhiana,Mustard,47,28,19,2,4.0,9.76,12,3,0,0,51.0
C002,Ludhiana,Wheat,43,41,2,3,4.0,5.48,13,4,0,0,4.3
C004,Sehore,Soybean,53,36,17,5,8.0,2.24,9,4,0,1,22.6
C002,Ludhiana,Gram,50,21,29,5,5.0,8.71,14,3,0,0,38.0
C005,Nashik,Wheat,58,49,9,6,5.0,8.83,8,0,1,0,8.8
C004,Sehore,Soybean,67,45,22,2,6.0,6.71,9,6,1,0,78.3
C004,Sehore,Maize,24,7,17,5,4.0,2.16,18,2,0,0,15.8
C005,Nashik,Wheat,42,5,37,6,6.0,4.52,18,5,0,0,42.6
C001,Karnal,Mustard,40,7,33,6,8.0,8.46,12,5,0,0,60.2
C004,Sehore,Gram,60,19,41,6,7.0,7.18,11,3,0,0,65.5
C004,Sehore,Soybean,30,11,19,6,8.0,5.29,14,0,1,0,38.6
C001,Karnal,Soybean,38,20,18,5,8.0,3.87,10,6,1,0,34.0
C005,Nashik,Maize,61,42,19,6,8.0,6.55,9,4,0,0,25.7
C003,Indore,Paddy,20,18,2,5,5.0,5.74,16,3,0,0,2.4
C002,Ludhiana,Wheat,19,15,4,2,7.0,7.29,18,0,1,0,17.2
C003,Indore,Wheat,44,28,16,6,4.0,7.47,17,4,0,0,12.6
C005,Nashik,Soybean,39,33,6,3,4.0,9.7,16,4,0,0,10.6
C005,Nashik,Wheat,47,21,26,2,8.0,4.43,10,1,0,0,106.9
C003,Indore,Gram,70,33,37,6,5.0,9.78,13,3,0,0,43.1
C001,Karnal,Wheat,34,31,3,4,8.0,5.79,15,5,0,0,7.7
C002,Ludhiana,Soybean,63,43,20,6,4.0,5.23,18,5,0,0,14.4
C004,Sehore,Maize,54,43,11,6,6.0,7.36,16,4,0,0,13.2
C004,Sehore,Gram,25,7,18,5,4.0,6.71,11,5,0,0,21.8
C001,Karnal,Gram,55,32,23,5,4.0,2.35,16,5,0,0,21.1
C005,Nashik,Gram,52,27,25,3,6.0,2.86,15,4,0,0,54.2
C004,Sehore,Paddy,70,31,39,4,4.0,7.62,12,6,1,0,60.3
C002,Ludhiana,Maize,34,6,28,4,8.0,4.13,16,2,0,0,59.1
C002,Ludhiana,Gram,39,14,25,4,4.0,3.28,13,4,0,0,35.6
C004,Sehore,Mustard,14,5,9,6,8.0,6.02,17,6,1,0,13.9
C004,Sehore,Gram,47,7,40,6,5.0,9.04,10,2,0,0,36.7
C005,Nashik,Soybean,37,32,5,6,8.0,2.18,9,0,1,0,7.1
C001,Karnal,Gram,86,43,43,3,6.0,7.12,10,6,1,0,104.9
C001,Karnal,Paddy,32,5,27,3,7.0,4.73,11,0,1,0,93.1
C005,Nashik,Wheat,51,6,45,5,6.0,9.28,13,2,0,0,72.9
C003,Indore,Wheat,53,25,28,6,4.0,7.2,11,5,0,0,24.8
C005,Nashik,Soybean,66,35,31,5,4.0,9.17,9,6,1,0,33.0
C005,Nashik,Gram,48,7,41,6,8.0,6.37,8,6,1,0,69.1
C002,Ludhiana,Wheat,51,22,29,4,4.0,5.31,9,6,1,0,36.1
C002,Ludhiana,Soybean,67,32,35,5,6.0,6.93,16,4,0,0,45.2
C005,Nashik,Soybean,53,24,29,6,8.0,9.44,14,4,0,0,53.4
C001,Karnal,Mustard,42,25,17,4,8.0,8.43,8,0,1,0,39.7
C005,Nashik,Maize,79,35,44,3,4.0,9.96,11,5,0,0,80.2
C001,Karnal,Mustard,41,10,31,2,4.0,5.38,8,1,0,0,65.9
C005,Nashik,Soybean,41,20,21,3,7.0,5.29,18,1,0,0,51.8
C003,Indore,Mustard,61,36,25,6,4.0,2.06,8,4,0,0,20.0
C002,Ludhiana,Mustard,33,16,17,6,8.0,2.38,14,3,0,0,29.5
C005,Nashik,Gram,63,31,32,5,7.0,2.4,14,2,0,0,61.1
C003,Indore,Mustard,65,33,32,5,6.0,4.72,8,4,0,0,44.1
C003,Indore,Paddy,45,6,39,3,8.0,5.4,11,6,1,0,153.2
C004,Sehore,Soybean,53,26,27,3,5.0,7.6,8,0,1,0,54.3
C005,Nashik,Mustard,50,49,1,3,4.0,9.46,14,1,0,0,1
C002,Ludhiana,Mustard,63,35,28,3,7.0,7.55,15,2,0,0,69.7
C005,Nashik,Wheat,17,10,7,5,4.0,3.42,9,0,1,0,9.2
C005,Nashik,Mustard,70,29,41,6,8.0,9.95,8,6,1,0,67.9
C001,Karnal,Soybean,61,35,26,6,8.0,7.69,16,1,0,0,36.1
C005,Nashik,Gram,23,22,1,4,7.0,5.57,14,6,1,0,1.3
C004,Sehore,Wheat,19,8,11,3,4.0,3.63,12,1,0,0,21.2
C003,Indore,Paddy,87,42,45,5,6.0,7.84,16,0,1,0,66.9
C002,Ludhiana,Mustard,36,24,12,4,8.0,3.02,18,4,0,0,24.4
C003,Indore,Mustard,11,7,4,4,6.0,7.41,14,2,0,0,7.4
C004,Sehore,Mustard,17,12,5,3,5.0,3.12,11,1,0,0,13.0
C003,Indore,Gram,88,44,44,6,7.0,7.87,9,3,0,0,57.7
C002,Ludhiana,Paddy,47,15,32,4,5.0,2.25,16,4,0,0,42.5
C001,Karnal,Soybean,81,39,42,4,4.0,2.49,9,4,0,0,48.9
C001,Karnal,Mustard,32,29,3,4,5.0,6.87,11,2,0,0,5.1
C002,Ludhiana,Mustard,41,19,22,6,5.0,9.05,8,0,1,0,25.2
C001,Karnal,Gram,64,35,29,2,7.0,6.04,16,0,1,0,119.6
C002,Ludhiana,Mustard,71,28,43,4,6.0,4.09,14,0,1,0,96.7
C005,Nashik,Mustard,83,44,39,2,7.0,3.74,16,0,1,0,162.4
C003,Indore,Paddy,49,39,10,6,4.0,5.65,16,4,0,0,9.4
C004,Sehore,Gram,70,42,28,6,8.0,6.22,10,6,1,0,44.5
C003,Indore,Soybean,42,11,31,6,5.0,4.19,15,5,0,0,29.1
C001,Karnal,Wheat,75,50,25,6,8.0,4.02,12,1,0,0,46.0
C002,Ludhiana,Gram,54,20,34,5,5.0,3.91,9,1,0,0,40.0
C005,Nashik,Soybean,52,41,11,2,7.0,3.68,10,4,0,0,41.5
C005,Nashik,Gram,22,12,10,3,5.0,2.36,9,0,1,0,19.1
C001,Karnal,Wheat,59,34,25,2,8.0,5.47,9,0,1,0,118.0
C005,Nashik,Maize,37,12,25,6,7.0,2.09,9,6,1,0,36.0
C001,Karnal,Mustard,59,23,36,2,5.0,9.43,18,1,0,0,92.7
C005,Nashik,Wheat,67,40,27,5,6.0,7.13,11,2,0,0,45.2
C005,Nashik,Mustard,18,17,1,2,4.0,7.87,8,3,0,0,1.7
C002,Ludhiana,Wheat,64,42,22,4,6.0,5.03,9,2,0,1,29.8
C004,Sehore,Soybean,28,10,18,5,7.0,2.59,18,3,0,0,26.6
C001,Karnal,Maize,24,5,19,2,5.0,8.46,16,2,0,0,50.2
C005,Nashik,Mustard,41,38,3,6,7.0,6.92,13,6,1,0,4.2
C004,Sehore,Gram,50,14,36,3,6.0,5.02,17,4,0,0,75.0
C005,Nashik,Soybean,54,39,15,2,8.0,5.47,16,4,0,0,62.1
C004,Sehore,Gram,33,28,5,5,8.0,2.25,17,3,0,0,8.4
C001,Karnal,Gram,51,49,2,5,7.0,6.76,10,0,1,0,2.0
C003,Indore,Soybean,52,16,36,6,8.0,5.04,12,0,1,0,71.3
C005,Nashik,Mustard,58,28,30,3,4.0,4.68,13,0,1,0,60.9
C001,Karnal,Maize,48,29,19,3,7.0,6.82,9,0,1,0,54.5
C005,Nashik,Paddy,89,50,39,4,4.0,6.74,10,3,0,0,42.3
C005,Nashik,Soybean,47,9,38,4,8.0,5.59,12,5,0,0,98.6
C002,Ludhiana,Wheat,67,23,44,6,6.0,4.98,8,2,0,0,49.3
C001,Karnal,Gram,60,36,24,3,5.0,8.64,17,0,1,0,47.1
C004,Sehore,Paddy,26,8,18,4,7.0,5.67,11,6,1,0,48.8
C004,Sehore,Paddy,80,44,36,6,5.0,4.62,12,0,1,0,47.4
C005,Nashik,Paddy,49,20,29,3,6.0,2.72,14,0,1,0,88.6
C003,Indore,Wheat,31,27,4,5,4.0,9.54,18,5,0,0,1.9
C001,Karnal,Gram,56,16,40,4,4.0,8.75,9,6,1,0,50.1
C004,Sehore,Wheat,48,33,15,2,6.0,2.43,17,1,0,0,44.9
C001,Karnal,Soybean,49,5,44,6,6.0,2.04,15,2,0,0,50.6
C001,Karnal,Gram,86,50,36,6,6.0,4.62,12,1,0,0,47.9
C005,Nashik,Gram,78,40,38,5,7.0,6.58,14,2,0,0,70.1
C004,Sehore,Wheat,77,37,40,5,4.0,9.41,15,1,0,0,38.0
C001,Karnal,Paddy,43,26,17,2,4.0,2.36,13,6,1,0,51.4
C002,Ludhiana,Maize,53,23,30,3,4.0,3.71,13,3,0,0,54.7
C002,Ludhiana,Mustard,42,8,34,3,7.0,5.25,12,4,0,0,104.2
C004,Sehore,Paddy,65,50,15,6,8.0,9.97,12,4,0,0,27.0
C002,Ludhiana,Mustard,65,24,41,3,7.0,5.25,10,4,0,1,80.8
C004,Sehore,Soybean,54,28,26,4,4.0,5.59,13,2,0,0,37.5
C002,Ludhiana,Paddy,44,43,1,6,5.0,2.27,13,6,1,0,1
C003,Indore,Maize,26,19,7,2,8.0,2.8,9,0,1,0,33.1
C004,Sehore,Wheat,36,26,10,6,4.0,8.44,15,5,0,0,8.6
C002,Ludhiana,Paddy,68,28,40,2,7.0,9.36,13,6,1,0,205.1
C001,Karnal,Maize,53,47,6,3,4.0,3.08,15,2,0,0,10.3
C003,Indore,Wheat,76,49,27,2,5.0,9.35,9,2,0,0,69.6
C002,Ludhiana,Mustard,74,45,29,6,6.0,9.12,13,0,1,0,43.3
C004,Sehore,Wheat,43,34,9,5,5.0,6.76,8,2,0,0,10.4
C003,Indore,Maize,52,9,43,2,5.0,2.39,14,2,0,0,140.0
C003,Indore,Maize,87,42,45,2,5.0,2.95,12,2,0,0,144.2
C002,Ludhiana,Soybean,89,49,40,2,8.0,9.78,12,0,1,0,234.0
C005,Nashik,Wheat,84,44,40,3,6.0,9.14,16,2,0,0,85.8
C003,Indore,Maize,17,7,10,6,6.0,4.89,9,0,1,0,14.6
C005,Nashik,Gram,67,41,26,2,4.0,5.43,16,0,1,0,62.5
C004,Sehore,Soybean,65,20,45,4,4.0,9.97,16,2,0,0,48.9
C002,Ludhiana,Maize,43,24,19,3,8.0,6.65,13,6,1,0,73.1
C004,Sehore,Soybean,47,25,22,5,5.0,2.06,10,5,0,0,22.7
C004,Sehore,Paddy,30,13,17,5,6.0,9.19,10,2,0,0,22.6
C002,Ludhiana,Gram,84,41,43,2,5.0,7.62,10,1,0,0,111.9
C001,Karnal,Wheat,44,7,37,2,4.0,7.15,14,6,1,0,110.2
C001,Karnal,Maize,64,37,27,6,8.0,4.03,8,1,0,0,37.7
C004,Sehore,Soybean,53,44,9,5,5.0,9.42,12,5,0,0,14.2
C004,Sehore,Mustard,68,33,35,6,8.0,4.59,17,6,1,0,56.6
C005,Nashik,Soybean,33,7,26,4,5.0,3.85,11,3,0,0,45.3
C001,Karnal,Maize,51,27,24,3,7.0,6.17,9,2,0,0,58.7
C001,Karnal,Maize,34,33,1,6,5.0,2.92,13,6,1,0,2.2
C005,Nashik,Wheat,77,49,28,3,5.0,9.66,9,5,0,0,50.9
C002,Ludhiana,Wheat,46,38,8,4,8.0,6.58,15,5,0,1,13.2
C001,Karnal,Soybean,65,32,33,2,4.0,3.69,13,2,0,0,84.8
C005,Nashik,Mustard,80,35,45,6,7.0,3.34,9,3,0,0,56.1
C001,Karnal,Mustard,84,49,35,3,7.0,6.83,11,0,1,0,121.1
C002,Ludhiana,Gram,49,37,12,6,7.0,4.21,12,6,1,0,19.9
C005,Nashik,Paddy,16,5,11,3,7.0,2.43,16,1,0,0,27.1
C002,Ludhiana,Paddy,27,10,17,3,4.0,4.22,15,2,0,0,25.6
C005,Nashik,Maize,55,28,27,2,4.0,6.62,11,5,0,1,55.7
C001,Karnal,Paddy,26,22,4,2,5.0,9.5,10,1,0,0,9.0
C004,Sehore,Soybean,56,11,45,4,5.0,3.95,11,0,1,0,87.3
C005,Nashik,Wheat,35,31,4,5,6.0,4.03,11,0,1,0,8.7
C003,Indore,Maize,63,34,29,6,5.0,5.68,14,4,0,0,33.8
C002,Ludhiana,Wheat,49,10,39,2,5.0,5.33,18,5,0,0,101.4
C005,Nashik,Wheat,52,18,34,3,8.0,2.95,8,2,0,0,96.6
C005,Nashik,Mustard,55,30,25,2,8.0,3.3,17,0,1,0,116.8
C001,Karnal,Soybean,41,8,33,5,4.0,4.94,16,2,0,0,30.0
C004,Sehore,Soybean,64,49,15,2,7.0,5.15,10,0,1,0,63.4
C003,Indore,Mustard,61,23,38,2,6.0,8.23,12,2,0,0,146.8
C004,Sehore,Soybean,56,17,39,3,6.0,7.74,17,3,0,0,81.9
C005,Nashik,Soybean,26,13,13,3,7.0,8.77,14,1,0,0,40.8
C001,Karnal,Mustard,45,31,14,3,6.0,7.32,13,5,0,0,36.0
C002,Ludhiana,Wheat,48,7,41,6,8.0,6.27,15,4,0,0,60.1
C005,Nashik,Soybean,70,50,20,3,5.0,2.68,17,4,0,0,34.8
C002,Ludhiana,Gram,32,23,9,4,5.0,9.58,10,2,0,0,11.8
C002,Ludhiana,Paddy,20,7,13,3,6.0,8.47,11,0,1,0,40.3
C005,Nashik,Soybean,46,22,24,5,4.0,4.96,15,6,1,0,26.6
C005,Nashik,Maize,56,34,22,4,7.0,5.21,12,5,0,0,52.4
C003,Indore,Paddy,56,28,28,4,5.0,6.51,12,3,0,0,48.0
C005,Nashik,Soybean,36,22,14,2,7.0,3.01,10,2,0,0,48.8
C001,Karnal,Gram,57,37,20,4,8.0,2.7,13,1,0,0,52.8
C003,Indore,Mustard,50,24,26,6,7.0,8.75,10,0,1,0,37.0
C004,Sehore,Mustard,74,50,24,3,5.0,6.71,9,2,0,0,41.4
C003,Indore,Wheat,55,17,38,4,8.0,3.98,10,3,0,0,79.8
C003,Indore,Mustard,70,41,29,3,4.0,5.3,18,6,1,0,46.4
C001,Karnal,Wheat,70,38,32,6,4.0,8.58,10,1,0,0,23.5
C005,Nashik,Soybean,43,25,18,2,8.0,3.25,13,6,1,0,104.8
C002,Ludhiana,Soybean,39,22,17,6,7.0,8.75,18,5,0,0,20.3
C002,Ludhiana,Maize,83,38,45,3,4.0,5.29,13,5,0,0,79.3
C004,Sehore,Soybean,69,32,37,5,5.0,5.2,13,3,0,0,50.6
C001,Karnal,Mustard,90,49,41,2,4.0,4.86,10,6,1,0,99.4
C001,Karnal,Mustard,50,7,43,4,8.0,2.29,10,3,0,0,89.9
C002,Ludhiana,Wheat,55,34,21,4,5.0,7.3,11,0,1,0,40.7
C002,Ludhiana,Gram,64,38,26,2,5.0,8.45,9,3,0,0,69.8
C002,Ludhiana,Wheat,67,27,40,3,7.0,4.81,10,4,0,0,96.8
C001,Karnal,Gram,77,36,41,3,8.0,8.27,13,1,0,0,143.5
C003,Indore,Maize,25,15,10,3,5.0,3.21,15,1,0,0,16.6
C005,Nashik,Gram,24,23,1,6,5.0,4.91,15,5,0,0,2.5
C002,Ludhiana,Mustard,47,32,15,3,5.0,5.41,16,2,0,0,26.7
C001,Karnal,Wheat,40,37,3,6,7.0,3.5,17,3,0,0,2.3
C005,Nashik,Paddy,14,11,3,3,7.0,2.11,9,1,0,0,6.8
C005,Nashik,Paddy,57,16,41,6,8.0,7.65,15,5,0,0,60.1
C003,Indore,Gram,48,17,31,4,7.0,4.59,12,1,0,0,73.5
C002,Ludhiana,Maize,61,50,11,3,5.0,6.07,18,0,1,0,21.6
C002,Ludhiana,Mustard,60,50,10,6,8.0,8.53,18,5,0,0,13.2
C003,Indore,Soybean,56,44,12,2,7.0,9.94,13,1,0,0,52.1
C004,Sehore,Paddy,51,46,5,5,5.0,2.92,8,2,0,0,6.8
C003,Indore,Wheat,79,47,32,3,4.0,4.52,16,2,0,0,47.1
C003,Indore,Paddy,44,29,15,2,4.0,3.4,18,0,1,0,35.4
C004,Sehore,Paddy,71,28,43,6,7.0,5.09,13,5,0,0,67.8
C003,Indore,Mustard,21,16,5,4,8.0,9.49,18,0,1,0,11.8
C003,Indore,Wheat,70,26,44,2,8.0,4.64,12,0,1,0,259.0
C005,Nashik,Maize,56,42,14,5,8.0,4.57,16,3,0,0,22.8
C004,Sehore,Wheat,32,15,17,3,4.0,5.48,10,5,0,1,20.7
C004,Sehore,Wheat,34,24,10,3,4.0,2.59,11,4,0,0,18.7
C005,Nashik,Soybean,83,46,37,5,8.0,5.63,8,4,0,0,63.5
C001,Karnal,Paddy,50,19,31,5,7.0,2.64,17,6,1,0,53.4
C004,Sehore,Maize,71,49,22,2,7.0,6.61,16,4,0,0,80.2
C004,Sehore,Mustard,89,48,41,3,5.0,6.57,12,1,0,0,88.7
C004,Sehore,Mustard,39,37,2,4,5.0,7.38,17,5,0,0,1.7
C002,Ludhiana,Wheat,47,9,38,3,4.0,4.82,8,6,1,0,64.1
C003,Indore,Mustard,54,35,19,6,7.0,2.06,8,0,1,0,29.6
C004,Sehore,Soybean,82,47,35,4,6.0,8.1,15,3,0,0,56.5
C004,Sehore,Mustard,42,29,13,2,7.0,9.12,14,5,0,0,57.5
C003,Indore,Wheat,43,27,16,2,7.0,4.52,11,3,0,0,72.3
C004,Sehore,Mustard,56,16,40,6,7.0,9.7,15,0,1,0,59.0
C003,Indore,Paddy,40,25,15,6,7.0,3.65,13,4,0,0,21.7
C003,Indore,Mustard,49,15,34,2,5.0,5.7,18,1,0,0,88.0
C001,Karnal,Mustard,78,44,34,6,6.0,8.8,17,6,1,0,42.8
C003,Indore,Soybean,46,26,20,5,5.0,8.03,12,5,0,0,28.2
C001,Karnal,Mustard,67,41,26,6,4.0,9.42,17,1,0,0,19.4
C003,Indore,Mustard,38,19,19,6,7.0,6.6,12,3,0,0,30.1
C005,Nashik,Paddy,46,42,4,3,5.0,4.63,14,1,0,0,8.7
C002,Ludhiana,Gram,60,22,38,6,8.0,2.8,10,0,1,0,64.8
C005,Nashik,Soybean,61,16,45,3,4.0,2.92,15,6,1,0,73.7
C005,Nashik,Mustard,91,50,41,3,6.0,8.27,13,2,0,0,107.8
C002,Ludhiana,Wheat,27,24,3,3,4.0,4.23,14,6,1,0,7.8
C002,Ludhiana,Maize,45,8,37,6,5.0,8.58,10,5,0,0,33.7
C001,Karnal,Paddy,53,27,26,5,6.0,6.23,17,3,0,0,34.6
C004,Sehore,Wheat,47,41,6,6,7.0,6.88,9,2,0,0,7.9
C002,Ludhiana,Mustard,44,19,25,4,7.0,2.68,11,4,0,0,55.9
C002,Ludhiana,Mustard,42,15,27,3,5.0,9.46,10,0,1,0,53.8
C004,Sehore,Mustard,45,18,27,3,6.0,7.25,8,2,0,0,57.0
C005,Nashik,Soybean,41,6,35,6,7.0,2.26,18,2,0,0,46.6
C005,Nashik,Mustard,18,14,4,5,8.0,9.09,18,0,1,0,9.7
C004,Sehore,Mustard,34,17,17,2,7.0,9.95,12,1,0,0,74.6
C002,Ludhiana,Gram,26,15,11,4,4.0,8.52,17,2,0,0,11.7
C004,Sehore,Mustard,26,13,13,3,5.0,6.16,10,4,0,0,21.3
C001,Karnal,Paddy,48,11,37,4,7.0,3.72,8,1,0,1,55.0
C004,Sehore,Soybean,57,12,45,5,4.0,7.36,14,6,1,0,58.9
C001,Karnal,Soybean,75,44,31,5,5.0,6.88,13,1,0,0,40.7
C003,Indore,Maize,14,10,4,4,5.0,9.53,10,1,0,0,5.7
C003,Indore,Soybean,20,18,2,3,5.0,4.17,10,0,1,0,3.3
C001,Karnal,Gram,80,50,30,2,4.0,3.3,10,5,0,0,62.8
C003,Indore,Wheat,64,47,17,5,7.0,9.06,15,5,0,0,24.2
C004,Sehore,Maize,48,31,17,5,6.0,2.85,17,6,1,0,24.6
C004,Sehore,Mustard,68,33,35,6,5.0,3.23,18,3,0,0,32.7
C001,Karnal,Paddy,46,7,39,3,6.0,8.42,17,6,1,0,93.9
C005,Nashik,Mustard,30,20,10,4,8.0,5.88,18,1,0,0,22.3
C001,Karnal,Paddy,16,10,6,2,5.0,9.83,9,4,0,0,15.8
C002,Ludhiana,Maize,71,44,27,4,8.0,2.4,9,3,0,0,58.7
C004,Sehore,Mustard,53,14,39,2,5.0,4.82,17,4,0,0,103.0
C002,Ludhiana,Gram,43,11,32,4,4.0,3.38,10,3,0,0,36.8
C002,Ludhiana,Paddy,27,15,12,6,7.0,2.17,12,1,0,0,18.4
C004,Sehore,Maize,84,46,38,4,6.0,5.06,11,1,0,0,73.8
C005,Nashik,Paddy,43,24,19,3,6.0,5.54,8,2,0,0,40.4
C005,Nashik,Gram,23,22,1,6,6.0,5.72,10,0,1,0,1.7
C004,Sehore,Gram,65,25,40,4,4.0,3.52,18,3,0,0,45.3
C002,Ludhiana,Soybean,54,43,11,5,5.0,7.93,14,1,0,0,14.9
C004,Sehore,Soybean,38,27,11,4,5.0,6.54,8,3,0,0,14.7
C005,Nashik,Wheat,15,6,9,3,8.0,7.23,17,5,0,0,23.7
C003,Indore,Wheat,45,18,27,2,6.0,2.34,17,2,0,0,84.9
C005,Nashik,Soybean,50,34,16,3,7.0,7.35,10,5,0,0,40.6
C003,Indore,Maize,57,29,28,3,4.0,2.61,18,2,0,0,38.8
C005,Nashik,Mustard,25,11,14,2,5.0,3.78,16,6,1,0,40.1
C005,Nashik,Gram,51,46,5,3,5.0,2.67,10,0,1,0,8.9
C001,Karnal,Mustard,55,12,43,4,8.0,7.69,16,1,0,0,91.3
C005,Nashik,Soybean,12,11,1,5,6.0,8.11,9,4,0,0,1.5
C001,Karnal,Soybean,57,48,9,4,6.0,2.01,14,1,0,0,18.0
C004,Sehore,Soybean,41,25,16,6,7.0,6.17,14,5,0,0,27.0
C004,Sehore,Maize,71,32,39,4,4.0,7.79,11,2,0,0,51.9
C002,Ludhiana,Maize,21,9,12,5,5.0,3.55,8,2,0,0,11.6
C002,Ludhiana,Gram,26,12,14,4,8.0,4.25,15,4,0,0,30.0
C001,Karnal,Wheat,43,14,29,5,8.0,8.6,14,4,0,0,63.4
C003,Indore,Gram,57,15,42,6,4.0,6.11,11,0,1,0,43.4
C002,Ludhiana,Soybean,51,49,2,5,7.0,7.96,8,0,1,0,5.2
C002,Ludhiana,Gram,65,30,35,4,5.0,3.51,9,0,1,0,52.7
C002,Ludhiana,Mustard,56,40,16,3,8.0,7.68,13,4,0,0,57.0
C005,Nashik,Paddy,12,8,4,6,8.0,5.61,16,5,0,0,7.1
C004,Sehore,Paddy,54,18,36,3,5.0,9.06,16,4,0,0,65.0
C002,Ludhiana,Paddy,43,37,6,5,7.0,4.69,9,5,0,0,10.8
C004,Sehore,Paddy,27,20,7,5,7.0,5.47,12,6,1,0,16.8
C002,Ludhiana,Paddy,32,19,13,6,5.0,7.74,10,0,1,0,15.4
C002,Ludhiana,Mustard,48,9,39,3,7.0,6.23,13,5,0,0,119.4
C001,Karnal,Soybean,36,11,25,5,7.0,7.21,14,6,1,0,52.8
C005,Nashik,Paddy,45,11,34,2,8.0,8.85,12,1,0,0,174.6
C004,Sehore,Gram,42,34,8,5,7.0,9.35,9,2,0,0,11.8
C005,Nashik,Maize,69,24,45,3,8.0,4.8,15,1,0,0,123.5
C002,Ludhiana,Maize,73,49,24,5,7.0,9.63,14,4,0,0,43.6
C003,Indore,Gram,54,33,21,2,5.0,3.63,17,4,0,0,56.6
C002,Ludhiana,Mustard,61,22,39,4,5.0,7.37,18,5,0,1,43.5
C003,Indore,Paddy,35,33,2,6,8.0,4.14,15,1,0,0,2.6
C005,Nashik,Mustard,81,44,37,2,7.0,5.17,8,4,0,1,109.2
C004,Sehore,Mustard,63,27,36,5,6.0,7.48,17,2,0,0,45.8
C005,Nashik,Paddy,32,12,20,6,8.0,5.29,11,2,0,0,35.8
C003,Indore,Paddy,74,39,35,5,8.0,2.85,14,2,0,0,74.3
C003,Indore,Mustard,54,15,39,4,4.0,7.3,16,6,1,0,47.6
C002,Ludhiana,Wheat,39,13,26,2,5.0,9.69,8,3,0,0,68.3
C001,Karnal,Wheat,57,39,18,6,5.0,8.67,13,4,0,0,19.8
C005,Nashik,Gram,60,47,13,6,8.0,8.44,13,3,0,0,24.5
C005,Nashik,Paddy,52,21,31,6,8.0,8.67,9,4,0,0,47.0
C002,Ludhiana,Wheat,29,5,24,3,7.0,2.38,11,0,1,0,84.3
C004,Sehore,Wheat,69,46,23,6,8.0,3.63,13,3,0,0,41.3
C005,Nashik,Paddy,66,23,43,5,8.0,5.46,17,0,1,0,84.2
C001,Karnal,Maize,46,15,31,2,8.0,5.32,18,6,1,0,144.8
C002,Ludhiana,Soybean,23,19,4,4,4.0,4.17,12,2,0,0,4.5
C005,Nashik,Gram,53,22,31,2,7.0,7.32,14,4,0,0,138.9
C003,Indore,Paddy,39,14,25,4,4.0,8.3,10,0,1,0,31.1
C005,Nashik,Soybean,53,32,21,5,5.0,8.14,10,6,1,0,27.1
C003,Indore,Paddy,35,6,29,3,6.0,4.07,12,3,0,0,75.2
C003,Indore,Maize,58,19,39,4,6.0,6.81,13,1,0,0,79.1
C002,Ludhiana,Gram,37,36,1,3,6.0,8.64,10,2,0,0,1.5
C001,Karnal,Paddy,21,20,1,6,4.0,5.16,18,1,0,0,2.5
C001,Karnal,Maize,55,14,41,5,5.0,7.07,15,3,0,0,47.0
C005,Nashik,Maize,67,27,40,6,5.0,6.45,18,2,0,0,36.8
C005,Nashik,Maize,71,27,44,4,5.0,3.12,13,0,1,0,86.3
C003,Indore,Soybean,39,33,6,4,8.0,2.53,13,0,1,0,18.5
C003,Indore,Mustard,50,33,17,6,4.0,5.63,12,3,0,0,15.7
C002,Ludhiana,Mustard,67,38,29,3,6.0,7.85,12,0,1,0,88.2
C001,Karnal,Mustard,86,41,45,6,6.0,5.68,12,2,0,0,62.1
C001,Karnal,Mustard,72,39,33,3,7.0,2.24,11,0,1,0,114.3
C001,Karnal,Maize,80,38,42,3,5.0,9.35,10,3,0,0,75.1
C005,Nashik,Gram,32,27,5,3,8.0,8.36,15,4,0,0,12.0
C005,Nashik,Soybean,53,9,44,3,6.0,4.51,9,3,0,0,92.9
C002,Ludhiana,Mustard,41,8,33,3,7.0,2.81,17,6,1,0,92.2
C004,Sehore,Paddy,61,36,25,4,6.0,2.7,15,3,0,0,42.2
C005,Nashik,Soybean,39,19,20,6,4.0,3.68,14,1,0,0,19.4
C004,Sehore,Maize,30,8,22,5,6.0,6.88,17,4,0,0,29.8
C001,Karnal,Wheat,62,26,36,6,8.0,5.84,17,0,1,0,58.5
C003,Indore,Paddy,78,43,35,2,4.0,5.28,16,2,0,0,72.9
C003,Indore,Soybean,58,24,34,4,8.0,6.95,18,4,0,0,72.4
C004,Sehore,Paddy,58,26,32,6,6.0,7.08,17,2,0,0,34.3
C005,Nashik,Maize,20,16,4,2,8.0,3.15,15,5,0,0,17.4
C005,Nashik,Maize,58,38,20,2,5.0,6.32,18,4,0,0,52.2
C001,Karnal,Soybean,76,38,38,2,6.0,4.39,12,2,0,0,148.2
C002,Ludhiana,Soybean,64,30,34,5,5.0,9.86,9,0,1,0,42.1
C001,Karnal,Paddy,54,32,22,6,8.0,8.79,9,6,1,0,35.4
C004,Sehore,Gram,63,41,22,2,6.0,2.09,8,5,0,0,69.3
C005,Nashik,Maize,63,34,29,3,4.0,6.62,13,2,0,0,53.3
C004,Sehore,Gram,34,10,24,3,5.0,7.02,18,2,0,0,43.0
C001,Karnal,Maize,68,25,43,5,4.0,3.56,18,3,0,1,33.7
C001,Karnal,Gram,11,5,6,3,8.0,3.99,16,1,0,0,18.7
C003,Indore,Paddy,28,20,8,4,6.0,7.79,8,4,0,0,13.1
C005,Nashik,Wheat,26,23,3,6,4.0,4.62,10,2,0,0,2.2
C004,Sehore,Wheat,50,18,32,4,8.0,5.03,14,1,0,0,82.2
C003,Indore,Gram,57,20,37,6,7.0,3.67,11,6,1,0,67.3
C003,Indore,Gram,34,28,6,4,7.0,7.06,12,3,0,0,12.2
C003,Indore,Soybean,74,36,38,5,5.0,6.54,13,2,0,0,50.5
C004,Sehore,Mustard,88,44,44,3,7.0,2.34,10,6,1,0,122.3
C004,Sehore,Paddy,50,39,11,5,4.0,6.76,18,3,0,0,9.5
C002,Ludhiana,Mustard,35,29,6,3,8.0,8.46,12,0,1,0,24.5
C001,Karnal,Wheat,79,34,45,2,8.0,9.67,13,5,0,0,229.7
C003,Indore,Soybean,36,12,24,4,4.0,2.3,18,4,0,0,25.4
C002,Ludhiana,Wheat,63,31,32,4,5.0,3.67,10,6,1,0,48.2
C003,Indore,Maize,46,38,8,4,7.0,8.04,11,4,0,0,17.3
C001,Karnal,Gram,34,31,3,5,8.0,5.96,12,5,0,0,8.0
C005,Nashik,Maize,28,16,12,2,8.0,6.05,12,4,0,0,62.5
C003,Indore,Mustard,61,39,22,2,5.0,7.99,15,1,0,0,56.1
C003,Indore,Paddy,76,40,36,2,7.0,9.88,9,6,1,0,150.5
C003,Indore,Maize,38,18,20,2,5.0,6.73,16,0,1,0,58.7
C004,Sehore,Soybean,34,19,15,4,8.0,3.72,12,6,1,0,43.0
C003,Indore,Wheat,44,5,39,3,4.0,6.98,9,2,0,0,58.0
C004,Sehore,Wheat,39,30,9,3,8.0,3.07,12,6,1,0,33.7
C003,Indore,Wheat,50,44,6,3,5.0,2.28,18,2,0,0,9.3
C003,Indore,Mustard,54,50,4,2,4.0,7.52,17,6,1,0,8.1
C002,Ludhiana,Paddy,56,40,16,4,6.0,7.15,8,4,0,0,26.4
C001,Karnal,Maize,57,39,18,3,5.0,9.62,8,4,0,0,32.4
C002,Ludhiana,Maize,68,31,37,5,6.0,3.64,10,2,0,0,48.8
C003,Indore,Paddy,22,21,1,3,6.0,8.66,18,5,0,0,1.8
C001,Karnal,Gram,20,17,3,6,4.0,4.44,16,3,0,0,1.9
C001,Karnal,Soybean,65,30,35,2,5.0,5.59,18,1,0,0,93.4
C001,Karnal,Wheat,46,30,16,6,6.0,9.15,14,5,0,0,22.2
C002,Ludhiana,Soybean,7,5,2,6,8.0,4.71,15,4,0,0,1.1
C004,Sehore,Paddy,42,5,37,3,6.0,2.21,15,1,0,0,76.8
C001,Karnal,Maize,21,10,11,5,5.0,2.87,16,6,1,0,12.1
C005,Nashik,Soybean,46,14,32,2,7.0,3.49,8,6,1,0,131.9
C003,Indore,Maize,44,12,32,5,4.0,6.56,16,6,1,0,31.6
C001,Karnal,Soybean,47,31,16,4,6.0,2.43,10,6,1,0,28.7
C002,Ludhiana,Paddy,52,46,6,4,5.0,5.18,10,2,0,0,9.9
C003,Indore,Wheat,60,22,38,3,4.0,4.44,15,6,1,0,64.4
C004,Sehore,Gram,60,16,44,2,5.0,5.37,18,2,0,0,114.2
C002,Ludhiana,Soybean,76,34,42,5,4.0,6.82,12,5,0,0,48.9
C002,Ludhiana,Mustard,77,39,38,4,6.0,4.81,14,0,1,0,84.9
C001,Karnal,Mustard,21,15,6,6,8.0,8.44,16,3,0,0,9.5
C005,Nashik,Gram,71,40,31,5,6.0,5.42,16,5,0,0,39.8
C004,Sehore,Wheat,56,22,34,2,8.0,4.5,12,0,1,0,198.5
C005,Nashik,Wheat,44,7,37,6,4.0,5.93,17,6,1,0,31.1
C003,Indore,Wheat,75,38,37,2,7.0,9.47,11,3,0,0,167.2
C002,Ludhiana,Paddy,57,39,18,4,5.0,4.15,14,2,0,0,32.1
C005,Nashik,Paddy,75,38,37,2,5.0,5.28,12,3,0,0,120.9
C001,Karnal,Paddy,49,36,13,2,5.0,7.49,10,6,1,0,40.5
C001,Karnal,Paddy,10,6,4,3,4.0,2.15,16,3,0,0,5.0
C004,Sehore,Soybean,52,44,8,3,8.0,2.04,16,4,0,0,23.4
C001,Karnal,Wheat,31,5,26,4,4.0,2.19,9,3,0,0,30.1
C002,Ludhiana,Paddy,47,34,13,3,7.0,7.94,17,5,0,0,33.0
C004,Sehore,Maize,30,5,25,6,4.0,6.33,13,2,0,0,25.2
C001,Karnal,Gram,46,29,17,5,7.0,3.96,8,0,1,0,30.7
C005,Nashik,Gram,48,32,16,4,5.0,2.95,9,5,0,0,23.7
C001,Karnal,Wheat,31,10,21,6,4.0,7.3,16,5,0,0,15.6
C005,Nashik,Paddy,16,6,10,6,6.0,3.51,12,6,1,0,13.6
C003,Indore,Paddy,49,31,18,4,5.0,5.29,15,2,0,0,25.0
C005,Nashik,Mustard,48,30,18,4,8.0,5.46,10,5,0,0,36.4
C002,Ludhiana,Mustard,45,10,35,2,5.0,7.51,10,1,0,0,91.8
C005,Nashik,Mustard,40,14,26,2,5.0,2.27,13,4,0,0,84.4
C003,Indore,Paddy,68,45,23,5,5.0,9.77,14,2,0,0,33.2
C003,Indore,Soybean,29,10,19,2,4.0,3.28,9,6,1,0,44.5
C003,Indore,Wheat,75,31,44,6,4.0,9.51,18,1,0,0,36.5
C003,Indore,Gram,73,30,43,2,6.0,2.92,8,0,1,0,152.2
C001,Karnal,Mustard,10,8,2,5,7.0,2.68,16,1,0,0,2.9
C001,Karnal,Wheat,50,41,9,3,5.0,7.88,18,3,0,0,14.4
C001,Karnal,Maize,29,5,24,4,8.0,5.98,14,3,0,0,61.8
C003,Indore,Mustard,66,46,20,5,4.0,3.42,10,3,0,0,17.3
C003,Indore,Soybean,50,10,40,2,4.0,4.66,8,2,0,0,85.8
C002,Ludhiana,Maize,31,21,10,4,7.0,3.88,16,3,0,0,20.7
C005,Nashik,Paddy,55,48,7,3,6.0,3.01,15,5,0,0,14.4
C001,Karnal,Gram,52,27,25,5,7.0,9.46,14,1,0,0,45.9
C001,Karnal,Gram,68,33,35,5,7.0,6.09,12,6,1,0,74.5
C001,Karnal,Maize,49,45,4,3,8.0,3.66,8,0,1,0,14.5
C005,Nashik,Mustard,55,24,31,6,8.0,9.79,10,1,0,0,44.1
C002,Ludhiana,Mustard,56,29,27,2,6.0,6.38,9,1,0,0,85.4
C004,Sehore,Mustard,38,27,11,6,6.0,4.05,10,0,1,0,14.6
C003,Indore,Mustard,54,47,7,2,4.0,7.68,15,6,1,0,17.1
C005,Nashik,Paddy,48,47,1,5,5.0,5.43,12,1,0,0,1.7
C003,Indore,Gram,43,38,5,6,5.0,6.13,17,6,1,0,3.5
C004,Sehore,Soybean,34,11,23,4,4.0,8.53,8,1,0,0,27.0
C003,Indore,Mustard,22,16,6,3,6.0,3.98,8,0,1,0,12.7
C005,Nashik,Maize,21,20,1,6,7.0,5.97,9,5,0,0,2.8
C004,Sehore,Wheat,19,8,11,2,5.0,10.0,11,0,1,0,41.1
C005,Nashik,Gram,16,10,6,6,4.0,8.46,8,0,1,0,7.0
C004,Sehore,Wheat,81,36,45,3,4.0,7.98,17,6,1,0,75.0
C004,Sehore,Wheat,37,27,10,2,7.0,7.47,17,6,1,0,42.3
C003,Indore,Wheat,75,34,41,6,6.0,8.57,13,6,1,0,61.9
C001,Karnal,Wheat,41,19,22,3,7.0,4.7,10,5,0,0,53.9
C002,Ludhiana,Gram,39,5,34,6,7.0,5.77,15,4,0,0,44.6
C004,Sehore,Wheat,34,6,28,5,4.0,6.42,16,0,1,0,29.0
C002,Ludhiana,Paddy,83,45,38,3,8.0,9.9,12,3,0,0,129.7
C002,Ludhiana,Soybean,36,33,3,4,5.0,9.03,16,6,1,0,6.3
C002,Ludhiana,Mustard,94,50,44,6,4.0,6.39,13,3,0,0,41.9
C001,Karnal,Paddy,26,13,13,4,6.0,3.71,14,1,0,0,27.2
C004,Sehore,Gram,86,47,39,2,7.0,8.11,16,2,0,0,140.2
C004,Sehore,Wheat,92,48,44,5,7.0,4.85,14,4,0,0,81.3
C003,Indore,Maize,29,8,21,3,4.0,7.89,14,2,0,0,37.1
C001,Karnal,Soybean,41,28,13,2,5.0,2.37,18,4,0,0,35.6
C002,Ludhiana,Mustard,79,39,40,3,4.0,8.93,17,1,0,0,59.6
C005,Nashik,Wheat,25,24,1,3,4.0,9.3,14,4,0,0,1
C001,Karnal,Mustard,21,11,10,3,4.0,4.95,9,3,0,0,14.0
C005,Nashik,Soybean,35,19,16,4,7.0,7.34,17,6,1,0,33.4
C001,Karnal,Wheat,14,12,2,2,6.0,9.04,12,3,0,0,8.8
C002,Ludhiana,Soybean,40,12,28,6,8.0,4.56,11,4,0,0,51.0
C001,Karnal,Paddy,65,36,29,6,4.0,4.64,9,1,0,0,22.3
C005,Nashik,Soybean,50,28,22,6,4.0,4.08,14,6,1,0,21.9
C005,Nashik,Soybean,31,6,25,3,5.0,3.23,12,3,0,0,56.5
C003,Indore,Mustard,44,14,30,5,7.0,2.29,9,3,0,0,45.4
C001,Karnal,Gram,53,29,24,5,4.0,8.44,18,3,0,0,22.6
C002,Ludhiana,Soybean,43,36,7,2,5.0,4.54,11,4,0,1,17.1
C004,Sehore,Mustard,58,25,33,2,6.0,7.65,18,1,0,0,101.6
C002,Ludhiana,Mustard,82,38,44,4,7.0,5.22,10,3,0,0,82.3
C003,Indore,Wheat,49,21,28,5,7.0,3.09,15,5,0,0,43.3
C002,Ludhiana,Soybean,40,18,22,2,5.0,7.81,14,3,0,0,69.9
C005,Nashik,Paddy,65,37,28,3,8.0,8.69,17,0,1,0,89.9
C001,Karnal,Mustard,68,42,26,6,8.0,7.44,10,0,1,0,44.1
C002,Ludhiana,Mustard,50,48,2,2,6.0,6.2,17,6,1,0,5.9
C004,Sehore,Maize,72,33,39,2,6.0,5.43,12,6,1,0,171.6
C003,Indore,Soybean,68,37,31,5,4.0,6.76,15,3,0,0,27.9
C002,Ludhiana,Soybean,22,20,2,2,8.0,8.65,16,2,0,0,7.0
C002,Ludhiana,Soybean,30,16,14,3,7.0,2.48,10,1,0,0,32.9
C001,Karnal,Wheat,70,46,24,2,7.0,9.1,14,4,0,0,107.8
C004,Sehore,Paddy,55,44,11,2,6.0,9.06,13,0,1,0,50.1
C004,Sehore,Gram,31,28,3,6,5.0,3.41,9,6,1,0,3.5
C002,Ludhiana,Gram,18,16,2,3,5.0,7.98,17,6,1,0,2.5
C003,Indore,Paddy,41,9,32,5,6.0,2.48,16,0,1,0,47.8
C001,Karnal,Paddy,46,33,13,2,7.0,9.1,8,2,0,0,48.8
C003,Indore,Gram,43,31,12,3,5.0,8.68,10,2,0,0,20.9
C002,Ludhiana,Wheat,59,22,37,5,5.0,8.26,14,1,0,0,48.7
C002,Ludhiana,Gram,42,21,21,2,7.0,2.49,13,4,0,0,95.7
C005,Nashik,Mustard,58,43,15,2,8.0,3.8,15,5,0,0,62.8
C002,Ludhiana,Gram,49,12,37,2,5.0,8.58,11,2,0,0,119.3
C005,Nashik,Soybean,78,50,28,2,5.0,5.36,14,5,0,0,89.5
C002,Ludhiana,Gram,56,42,14,4,6.0,5.91,17,5,0,0,22.2
C004,Sehore,Maize,67,32,35,2,8.0,4.41,8,3,0,0,146.2
C004,Sehore,Wheat,40,5,35,3,4.0,7.32,9,4,0,0,52.2
C005,Nashik,Wheat,33,28,5,3,5.0,8.21,12,6,1,0,10.7
C003,Indore,Gram,57,19,38,6,4.0,3.39,10,2,0,0,28.9
C002,Ludhiana,Wheat,32,9,23,3,5.0,2.33,13,5,0,0,50.1
C001,Karnal,Wheat,45,23,22,6,5.0,4.63,18,0,1,0,23.3
C005,Nashik,Gram,63,18,45,6,6.0,6.99,11,1,0,0,60.8
C002,Ludhiana,Soybean,41,13,28,3,8.0,2.06,16,0,1,0,90.2
C005,Nashik,Maize,31,22,9,3,4.0,8.02,9,1,0,0,11.3
C003,Indore,Gram,83,43,40,5,6.0,6.92,8,0,1,0,61.9
C004,Sehore,Paddy,54,24,30,2,7.0,6.7,12,1,0,0,132.9
C002,Ludhiana,Gram,55,18,37,4,4.0,9.21,13,4,0,0,49.1
C002,Ludhiana,Paddy,54,49,5,5,7.0,3.83,15,2,0,0,7.2
C004,Sehore,Mustard,57,47,10,5,6.0,8.82,18,3,0,0,11.6
C002,Ludhiana,Maize,40,12,28,2,8.0,5.59,11,0,1,0,164.7
C005,Nashik,Mustard,26,8,18,4,5.0,3.53,9,0,1,0,27.0
C003,Indore,Mustard,29,22,7,2,6.0,3.68,10,0,1,0,23.4
C002,Ludhiana,Maize,65,36,29,2,8.0,9.34,15,5,0,0,119.3
C002,Ludhiana,Mustard,20,10,10,4,5.0,6.01,11,5,0,0,17.3
C003,Indore,Maize,54,16,38,6,4.0,7.89,8,2,0,0,29.8
C001,Karnal,Soybean,54,17,37,5,7.0,9.69,11,6,1,0,79.3
C005,Nashik,Soybean,67,44,23,4,4.0,9.54,10,2,0,0,25.9
C003,Indore,Soybean,60,26,34,4,4.0,7.09,13,5,0,0,45.3
C005,Nashik,Paddy,44,13,31,4,7.0,5.24,10,0,1,0,65.2
C004,Sehore,Paddy,48,24,24,6,5.0,9.39,18,6,1,0,25.4
C005,Nashik,Soybean,27,16,11,3,8.0,3.47,13,0,1,0,43.6
C003,Indore,Maize,53,33,20,5,5.0,3.38,14,1,0,0,26.4
C002,Ludhiana,Maize,26,15,11,2,4.0,3.97,12,0,1,0,33.2
C005,Nashik,Wheat,91,46,45,2,8.0,5.34,10,6,1,0,210.6
C004,Sehore,Soybean,30,8,22,2,6.0,9.7,13,3,0,0,83.4
C003,Indore,Maize,59,44,15,2,4.0,2.6,9,4,0,0,31.3
C002,Ludhiana,Gram,24,15,9,6,5.0,4.38,15,0,1,0,10.1
C004,Sehore,Wheat,40,38,2,2,7.0,3.15,15,5,0,1,5.4
C004,Sehore,Wheat,63,32,31,5,4.0,8.96,14,2,0,0,34.8
C003,Indore,Wheat,40,19,21,2,8.0,5.7,11,2,0,0,107.3
C004,Sehore,Maize,56,12,44,3,5.0,3.64,11,6,1,0,108.7
C005,Nashik,Mustard,52,24,28,4,4.0,3.1,11,5,0,0,37.8
C003,Indore,Wheat,46,34,12,3,7.0,5.76,14,4,0,0,38.2
C001,Karnal,Soybean,62,23,39,3,6.0,3.44,8,6,1,0,94.1
C001,Karnal,Soybean,44,37,7,4,6.0,6.4,8,0,1,0,12.9
C005,Nashik,Gram,69,49,20,3,5.0,3.46,10,2,0,0,35.5
C003,Indore,Mustard,30,19,11,2,7.0,4.15,14,6,1,0,55.4
C004,Sehore,Gram,42,5,37,4,7.0,3.32,12,6,1,0,98.5
C004,Sehore,Paddy,44,7,37,5,8.0,4.25,15,1,0,0,63.4
C003,Indore,Wheat,65,26,39,2,4.0,3.82,13,5,0,0,102.1
C003,Indore,Paddy,38,20,18,2,7.0,4.57,17,4,0,1,53.8
C005,Nashik,Paddy,26,21,5,5,8.0,7.38,8,2,0,0,9.2
C004,Sehore,Maize,49,34,15,2,6.0,6.04,16,2,0,0,46.6
C004,Sehore,Maize,68,33,35,5,4.0,8.75,13,3,0,0,38.9
C004,Sehore,Paddy,66,40,26,5,5.0,9.4,9,2,0,0,30.6
C001,Karnal,Gram,80,41,39,4,8.0,2.27,8,1,0,0,84.4
C002,Ludhiana,Gram,58,24,34,2,4.0,4.68,15,5,0,0,72.3
C001,Karnal,Mustard,59,32,27,3,6.0,2.27,8,1,0,0,57.0
C004,Sehore,Gram,20,6,14,6,5.0,5.17,18,3,0,0,11.4
C004,Sehore,Soybean,25,16,9,2,8.0,7.88,14,3,0,0,46.0
C005,Nashik,Maize,46,6,40,4,4.0,8.17,15,4,0,0,44.5
C002,Ludhiana,Gram,32,29,3,4,8.0,5.77,11,4,0,0,7.1
C002,Ludhiana,Maize,68,35,33,6,8.0,9.9,8,5,0,0,49.2
C003,Indore,Wheat,22,13,9,4,8.0,8.63,15,0,1,0,23.2
C004,Sehore,Maize,74,48,26,2,8.0,7.79,8,3,0,0,105.9
C001,Karnal,Wheat,85,48,37,5,5.0,9.17,8,3,0,0,42.7
C005,Nashik,Paddy,54,48,6,6,8.0,9.96,16,1,0,0,9.0
C004,Sehore,Maize,49,34,15,4,5.0,2.72,8,4,0,0,21.9
C005,Nashik,Mustard,61,23,38,3,7.0,3.26,11,5,0,0,115.5
C002,Ludhiana,Wheat,68,48,20,3,6.0,9.92,17,5,0,1,33.5
C005,Nashik,Gram,31,29,2,5,7.0,6.79,9,4,0,0,3.2
C002,Ludhiana,Wheat,77,38,39,4,6.0,3.3,12,1,0,0,77.9
C003,Indore,Maize,59,14,45,3,4.0,8.26,18,6,1,0,74.3
C005,Nashik,Wheat,38,5,33,5,7.0,5.09,14,5,0,0,60.6
C001,Karnal,Mustard,15,11,4,6,8.0,5.04,12,6,1,0,9.0
C002,Ludhiana,Maize,27,5,22,6,4.0,3.6,15,6,1,0,19.4
C005,Nashik,Paddy,36,33,3,5,6.0,9.04,11,0,1,0,5.7
C005,Nashik,Maize,41,30,11,2,7.0,3.2,10,4,0,0,40.0
C003,Indore,Mustard,49,47,2,6,6.0,8.81,15,1,0,0,2.9
C003,Indore,Gram,63,22,41,3,7.0,2.71,14,4,0,1,102.3
C001,Karnal,Maize,23,15,8,6,7.0,8.4,14,3,0,0,12.9
C005,Nashik,Paddy,52,12,40,2,5.0,5.65,18,6,1,0,121.8
C004,Sehore,Paddy,36,18,18,4,6.0,4.61,17,3,0,0,27.9
C003,Indore,Mustard,11,10,1,6,7.0,3.43,12,6,1,0,2.4
C003,Indore,Paddy,70,43,27,4,5.0,2.15,9,1,0,0,36.8
C002,Ludhiana,Wheat,59,41,18,3,8.0,5.61,8,1,0,0,50.8
C004,Sehore,Wheat,45,29,16,3,6.0,4.55,12,0,1,0,46.8
C004,Sehore,Mustard,84,39,45,6,4.0,8.52,13,6,1,0,49.2
C002,Ludhiana,Soybean,49,14,35,4,8.0,2.95,17,3,0,0,73.2
C003,Indore,Mustard,27,17,10,5,7.0,9.69,11,3,0,1,14.8
C004,Sehore,Gram,50,23,27,6,8.0,6.68,10,2,0,0,39.5
C004,Sehore,Maize,25,21,4,3,5.0,3.49,16,3,0,0,9.0
C005,Nashik,Gram,56,31,25,3,4.0,5.19,15,4,0,0,35.0
C003,Indore,Soybean,86,47,39,6,8.0,8.57,17,5,0,0,58.5
C005,Nashik,Paddy,71,35,36,3,6.0,8.92,14,4,0,0,95.2
C004,Sehore,Gram,33,5,28,3,6.0,4.41,11,2,0,0,71.6
C003,Indore,Gram,38,17,21,3,4.0,6.82,11,6,1,0,41.4
C002,Ludhiana,Soybean,10,9,1,2,4.0,4.32,8,5,0,0,2.9
C004,Sehore,Paddy,66,46,20,6,4.0,7.29,8,6,1,0,19.5
C001,Karnal,Paddy,20,18,2,4,4.0,6.13,17,3,0,0,3.8
C005,Nashik,Soybean,82,44,38,3,4.0,6.32,18,2,0,0,54.8
C002,Ludhiana,Maize,27,26,1,3,6.0,6.97,18,1,0,0,1
C003,Indore,Paddy,64,32,32,2,8.0,5.42,9,4,0,0,132.1
C005,Nashik,Soybean,42,7,35,3,8.0,7.19,13,3,0,0,122.4
C001,Karnal,Soybean,46,5,41,4,5.0,5.59,14,3,0,0,69.1
C005,Nashik,Mustard,88,46,42,5,5.0,9.71,12,6,1,0,64.7
C003,Indore,Soybean,36,25,11,4,4.0,3.8,9,5,0,0,13.0
C003,Indore,Soybean,40,36,4,2,4.0,5.92,11,5,0,0,10.5
C003,Indore,Wheat,47,41,6,3,7.0,8.09,10,0,1,0,16.2
C005,Nashik,Maize,47,42,5,6,8.0,3.59,15,1,0,0,5.4
C003,Indore,Maize,42,22,20,3,6.0,8.77,12,4,0,0,53.5
C004,Sehore,Soybean,66,31,35,2,7.0,8.93,11,2,0,0,159.0
C001,Karnal,Maize,30,9,21,5,7.0,8.22,17,0,1,0,36.8
C005,Nashik,Mustard,65,20,45,2,7.0,9.69,10,6,1,0,185.9
C003,Indore,Mustard,24,7,17,5,5.0,6.84,9,4,0,0,19.1
C003,Indore,Mustard,32,25,7,6,4.0,9.16,15,2,0,0,6.7
C004,Sehore,Maize,86,47,39,4,5.0,2.94,14,0,1,0,76.0
C001,Karnal,Wheat,58,20,38,4,4.0,9.14,8,5,0,0,44.1
C001,Karnal,Gram,59,43,16,4,4.0,9.38,16,1,0,0,19.1
C001,Karnal,Maize,55,30,25,3,8.0,8.15,8,1,0,0,71.3
C005,Nashik,Gram,90,49,41,5,6.0,7.95,18,3,0,0,52.2
C004,Sehore,Mustard,71,26,45,3,8.0,2.72,14,2,0,0,156.2
C002,Ludhiana,Paddy,40,13,27,3,6.0,3.6,11,4,0,0,69.9
C001,Karnal,Gram,64,36,28,6,4.0,2.34,17,4,0,0,23.9
C005,Nashik,Paddy,88,49,39,2,4.0,6.92,16,6,1,0,95.2
C003,Indore,Paddy,61,48,13,2,4.0,8.85,10,6,1,0,29.9
C003,Indore,Gram,62,40,22,4,8.0,2.38,10,6,1,0,52.0
C001,Karnal,Wheat,26,23,3,6,7.0,9.95,18,5,0,0,2.4
C003,Indore,Paddy,49,5,44,6,7.0,5.81,12,2,0,0,68.6
C001,Karnal,Gram,39,33,6,3,5.0,8.01,12,3,0,0,14.5
C005,Nashik,Mustard,49,31,18,3,8.0,9.01,15,6,1,0,57.0
C004,Sehore,Paddy,86,41,45,3,6.0,5.01,8,2,0,0,93.5
C004,Sehore,Wheat,15,13,2,6,6.0,4.99,16,3,0,1,3.5
C005,Nashik,Soybean,34,30,4,2,6.0,3.89,14,3,0,0,16.8
C003,Indore,Wheat,52,10,42,3,8.0,7.18,14,2,0,0,145.5
C005,Nashik,Wheat,45,7,38,2,5.0,6.74,10,0,1,0,112.8
C001,Karnal,Paddy,45,43,2,4,5.0,4.1,10,5,0,0,4.5
C003,Indore,Gram,43,19,24,5,8.0,8.86,17,5,0,0,43.2
C001,Karnal,Wheat,35,7,28,6,8.0,3.06,15,2,0,0,42.5
C003,Indore,Maize,63,45,18,4,6.0,6.72,10,0,1,0,34.2
C005,Nashik,Mustard,52,37,15,4,6.0,2.72,16,0,1,0,26.2
C005,Nashik,Gram,68,27,41,5,6.0,6.24,12,6,1,0,76.7
C004,Sehore,Soybean,87,48,39,3,5.0,4.97,9,3,0,0,67.9
C004,Sehore,Soybean,38,11,27,2,5.0,8.49,10,2,0,0,68.9
C001,Karnal,Mustard,57,30,27,5,5.0,2.13,11,2,0,0,35.2
C005,Nashik,Mustard,41,17,24,2,4.0,7.45,9,3,0,0,51.8
C001,Karnal,Soybean,53,32,21,5,4.0,2.43,16,3,0,0,18.8
C002,Ludhiana,Mustard,34,20,14,4,4.0,6.73,12,3,0,0,17.4
C004,Sehore,Mustard,55,48,7,4,5.0,8.49,15,4,0,0,10.5
C001,Karnal,Gram,82,41,41,2,8.0,6.25,14,5,0,0,211.3
C004,Sehore,Gram,51,29,22,3,7.0,9.08,16,1,0,0,53.3
C005,Nashik,Soybean,60,30,30,4,8.0,6.38,8,2,0,0,61.8
C002,Ludhiana,Paddy,45,39,6,5,7.0,4.12,8,6,1,0,10.6
C002,Ludhiana,Wheat,64,36,28,6,6.0,3.94,11,6,1,0,44.4
C005,Nashik,Maize,57,13,44,5,5.0,3.68,14,2,0,0,59.0
C005,Nashik,Paddy,41,30,11,4,5.0,9.48,15,3,0,0,15.4
C002,Ludhiana,Mustard,51,20,31,3,7.0,6.98,10,1,0,0,77.5
C002,Ludhiana,Wheat,60,16,44,3,5.0,2.17,9,2,0,0,76.6
C004,Sehore,Gram,50,38,12,3,5.0,4.23,10,1,0,0,21.4
C001,Karnal,Gram,53,43,10,6,8.0,2.07,18,3,0,0,13.8
C001,Karnal,Mustard,38,29,9,4,6.0,2.46,15,2,0,0,15.3
C005,Nashik,Wheat,27,12,15,3,8.0,2.24,14,6,1,0,58.3
C002,Ludhiana,Paddy,45,36,9,5,5.0,5.6,15,1,0,0,8.4
C005,Nashik,Maize,50,24,26,2,7.0,7.84,8,6,1,0,106.6
C003,Indore,Wheat,29,26,3,3,7.0,6.91,10,4,0,0,6.6
C003,Indore,Wheat,28,8,20,2,7.0,3.06,15,2,0,1,59.0
C004,Sehore,Soybean,43,32,11,4,8.0,5.63,10,2,0,0,21.3
C004,Sehore,Paddy,66,50,16,2,4.0,5.24,16,5,0,0,34.5
C004,Sehore,Mustard,60,41,19,5,4.0,5.58,13,4,0,0,21.6
C001,Karnal,Gram,86,41,45,3,8.0,7.44,17,6,1,0,142.5
C005,Nashik,Wheat,65,32,33,4,8.0,2.28,17,2,0,0,68.0
C003,Indore,Gram,59,32,27,3,5.0,4.37,10,1,0,0,50.1
C003,Indore,Soybean,22,15,7,2,5.0,7.75,17,5,0,0,18.5
C001,Karnal,Maize,63,23,40,2,6.0,6.5,13,1,0,0,152.8
C001,Karnal,Paddy,60,15,45,5,7.0,3.1,11,6,1,0,96.1
C003,Indore,Soybean,56,15,41,4,5.0,4.73,15,5,0,0,56.1
C005,Nashik,Gram,27,18,9,6,5.0,5.6,18,4,0,0,6.8
C005,Nashik,Mustard,42,8,34,2,7.0,5.08,9,5,0,0,124.0
C005,Nashik,Maize,54,34,20,4,7.0,7.98,17,4,0,0,38.9
C003,Indore,Soybean,65,32,33,2,6.0,7.49,17,2,0,0,104.1
C002,Ludhiana,Maize,45,44,1,6,5.0,8.86,15,1,0,0,2.2
C001,Karnal,Gram,41,31,10,2,8.0,2.67,14,1,0,1,40.9
C003,Indore,Mustard,49,22,27,5,8.0,4.64,18,4,0,0,45.7
C003,Indore,Soybean,33,21,12,4,4.0,5.76,12,0,1,0,18.2
C004,Sehore,Mustard,47,13,34,6,7.0,4.33,8,2,0,0,43.3
C003,Indore,Mustard,33,21,12,2,5.0,8.89,12,0,1,0,44.9
C004,Sehore,Mustard,30,17,13,2,5.0,6.23,16,3,0,1,28.7
C003,Indore,Soybean,35,6,29,2,4.0,9.67,14,1,0,1,62.0
C003,Indore,Paddy,73,31,42,3,8.0,2.49,8,6,1,0,134.8
C005,Nashik,Gram,45,43,2,6,5.0,8.21,12,5,0,0,1.4
C005,Nashik,Wheat,50,9,41,6,7.0,8.59,15,4,0,0,54.1
C005,Nashik,Soybean,36,14,22,3,6.0,6.44,9,1,0,0,47.1
C005,Nashik,Wheat,37,34,3,4,6.0,3.64,14,6,1,0,6.0
C005,Nashik,Wheat,77,45,32,6,6.0,7.11,11,4,0,0,41.9
C003,Indore,Gram,56,47,9,6,4.0,9.86,8,1,0,0,6.1
C002,Ludhiana,Maize,33,27,6,2,5.0,9.29,17,6,1,0,18.1
C005,Nashik,Wheat,34,14,20,5,5.0,2.33,9,4,0,0,23.1
C004,Sehore,Mustard,58,28,30,6,7.0,6.88,9,5,0,0,38.7
C004,Sehore,Maize,28,17,11,4,8.0,2.03,16,6,1,0,28.0
C003,Indore,Maize,82,37,45,6,7.0,8.45,12,0,1,0,79.5
C002,Ludhiana,Paddy,70,28,42,5,4.0,7.78,14,5,0,0,46.2
C004,Sehore,Soybean,52,18,34,5,6.0,2.79,15,1,0,0,44.4
C002,Ludhiana,Gram,34,10,24,3,4.0,9.85,16,6,1,0,39.6
C005,Nashik,Paddy,53,28,25,4,5.0,8.57,17,2,0,0,34.4
C001,Karnal,Soybean,43,34,9,3,5.0,7.8,11,5,0,0,19.6
C005,Nashik,Gram,30,19,11,2,5.0,5.77,17,0,1,0,34.2
C004,Sehore,Mustard,86,45,41,4,8.0,5.58,18,4,0,0,86.8
C004,Sehore,Gram,50,45,5,4,6.0,8.33,14,3,0,0,8.8
C005,Nashik,Wheat,88,48,40,6,8.0,2.32,15,5,0,0,58.2
C003,Indore,Gram,75,43,32,2,6.0,2.46,17,2,0,0,101.8
C004,Sehore,Paddy,51,37,14,5,8.0,4.11,16,3,0,0,24.2
C002,Ludhiana,Wheat,20,14,6,5,7.0,3.9,14,5,0,0,9.7
